"","X","Y","DDEG0","SLOPE","MIND","SOLRAD","TPI","ELEV"
"1",557747.6,149726.8,30906,5.41,-197,6875251,30,696
"2",572499.4,145503.5,27988,14.39,-59,4948177,-144,897
"3",579100.4,151800.4,16566,33.85,208,8146569,106,1641
"4",581301.7,150300.1,22322,16.35,26,7514431,-72,1228
"5",579838.7,124770.9,12382,3.04,533,4880184,-201,2148
"6",577011.1,121328.6,8693,41.51,738,5510103,2,2502
"7",579304.5,153215.5,12461,29.83,359,7674045,50,2006
"8",581699.8,150900.1,20655,24.41,63,8074538,-66,1345
"9",571298.5,137897.7,13633,39.08,309,7973924,-75,1945
"10",583602.3,147106,20717,6.21,175,6102382,-24,1372
"11",564607.9,133295.2,24557,14.61,-96,6021663,-48,1164
"12",580497.4,127198.7,10949,25.54,606,8109782,-127,2252
"13",580303.3,151997.1,20866,14,254,5479059,-144,1336
"14",580706.3,127198.4,10542,52.02,803,8152028,-88,2282
"15",570801.2,135749.7,22543,9.56,-45,7031787,-56,1292
"16",566900.2,135795.4,11497,41.01,421,8285139,90,2115
"17",578000.1,127403.4,14978,35.08,360,8349397,-156,1900
"18",573301.2,143804.4,21165,22.33,227,4999950,2,1347
"19",567801.5,142493.6,21310,16.01,186,5252290,132,1336
"20",578799.6,123597.1,10358,8.41,700,5011782,-108,2336
"21",557469.5,147202.4,32778,6.26,-213,7037498,-27,603
"22",568600.9,124901.6,31047,9.9,-313,6930451,72,801
"23",568803.1,140694.6,22661,14.41,129,5393344,-141,1254
"24",577051.3,151421.4,12172,56.03,517,6183607,-194,2037
"25",571096.7,120205,18269,18.72,320,4770822,-194,1660
"26",571496.8,135100.8,21193,20.53,7,7425415,168,1382
"27",565500,137700,19581,18.26,134,6929796,-81,1475
"28",572202.5,141592.7,22137,22.39,-49,7640057,-135,1291
"29",581099.6,141795.4,15230,22.42,452,6633475,-15,1793
"30",569599.4,122000,26825,19.83,-76,6179005,76,1069
"31",567200.1,136397.2,11332,16.56,351,5661209,265,2171
"32",572198.7,124600.1,25813,21.53,57,5237834,-34,1136
"33",576198.7,143105.2,23714,16.13,1,7343066,-90,1189
"34",579004.1,125798.8,13972,34.4,692,4648120,-30,1998
"35",564800.2,137699.9,20625,22.13,83,7651816,-136,1411
"36",577204.5,128294.6,14352,19.94,598,4124187,-215,1959
"37",570009.3,147199,28273,18.88,-228,7339288,-170,871
"38",557146.5,150027.3,31018,27.56,-218,7566616,-65,696
"39",576503.9,143002.1,22752,14.39,47,7062300,-67,1237
"40",580719.3,131179.6,10317,20.83,890,4423286,448,2241
"41",579901.4,150996.2,20299,18.31,244,5959199,5,1368
"42",578997.8,124101.3,11277,19.73,792,4052327,-122,2250
"43",577499,121999.6,10165,17.39,703,5682179,-116,2338
"44",578598.3,126794.5,15520,15.15,316,6956395,-142,1867
"45",568100.1,142094.9,22138,23.57,331,4251110,-88,1294
"46",576999,121296.8,8754,23.42,715,5348889,2,2494
"47",578502.8,140998.5,21317,27.12,451,4081228,-76,1348
"48",577901.1,139199.6,20797,26.46,522,4235950,-142,1413
"49",571898.6,118200.1,8324,12.34,780,5839778,217,2510
"50",575000.2,119897.9,11151,48.15,944,3368729,78,2288
"51",578598.4,151003,19768,36.9,538,3786863,-60,1415
"52",576109.9,148415,21315,54.48,316,5331345,-175,1340
"53",571572.9,123826,29692,17.69,-238,7020711,-128,907
"54",577512.9,143798.5,17068,46.82,636,4213310,-15,1678
"55",569697.1,121794.8,26078,26.53,-132,6677056,62,1103
"56",580306,152595.3,20151,48.82,202,5795054,-89,1395
"57",574300,119800,19451,32.79,426,4375563,-150,1591
"58",574603.9,122198.4,24032,17.36,156,4200565,-212,1274
"59",580100,130200,20355,22.71,309,4882356,-166,1495
"60",577997.3,140799.1,23652,22.06,179,5831963,-140,1200
"61",578500.3,124402.2,12932,30.64,492,5825386,-59,2087
"62",574582.1,121850,23329,59.46,696,2722317,-455,1413
"63",569301.9,141800.9,24027,27.71,-97,6778161,-305,1164
"64",578101.7,140694.5,22752,34.5,273,5762841,-126,1248
"65",578403.1,139196.5,21317,34.64,240,5866095,-172,1360
"66",568801.8,142299.3,24247,33.13,9,6420502,-141,1137
"67",568127.4,129100.4,23608,29.29,-80,7970085,86,1253
"68",571400,117200,9023,44,877,4234880,68,2486
"69",576598.5,141304.5,21557,31.03,447,3849881,-33,1327
"70",577902.6,122902.8,7490,32.46,816,6330254,199,2626
"71",557682.6,150423.3,31027,27.49,-223,7627253,-82,683
"72",577593.8,129095.2,16033,14.6,565,4307212,-130,1814
"73",580499,124512.5,10038,24.14,883,4618843,26,2366
"74",577300.1,140801.2,21098,28.32,473,3973857,-26,1376
"75",575139.3,121032.1,12768,35.65,650,3756225,44,2123
"76",576098.9,148048.6,22319,17.44,59,6849864,-59,1242
"77",574897.8,143394.6,21861,25.4,157,6218497,32,1288
"78",564295.7,144405.6,18444,31.45,557,4485589,199,1521
"79",572092.5,148403.3,17406,14.65,76,7475287,133,1616
"80",573900.5,119998.2,20675,9.27,196,4943973,-139,1483
"81",578400.7,150498.4,20299,29.26,97,7466854,-77,1389
"82",566805.8,138599.4,19317,6.8,131,6763879,-49,1490
"83",572898.6,141798.5,18156,2.81,134,6532838,113,1559
"84",575297.8,130796,14322,19.4,442,5427285,171,1929
"85",572999.6,147227.6,21830,27.14,-40,8194324,172,1284
"86",577703.7,128994.6,16033,17.64,629,3911452,-168,1829
"87",571122.5,124203,30626,27.55,-276,7340399,-126,838
"88",572600,130000,13795,6.27,354,6263314,183,1961
"89",576200,143697.9,21165,31.79,48,8184048,46,1337
"90",575502.4,131701.7,14564,10.66,347,6022106,143,1897
"91",575400.1,131097.7,14352,20.06,384,6494889,138,1905
"92",570604.5,132301.6,22884,28.79,18,6543476,18,1286
"93",568399.6,144601.2,20649,23.44,300,5330307,-165,1376
"94",580097.2,136400.3,11294,30.04,636,7865510,136,2184
"95",575300,124700,16206,19.17,346,4866992,99,1803
"96",580498.5,137599.3,15168,23.44,574,4517513,42,1808
"97",557726.2,147276.1,32025,25.74,-166,7356600,-33,640
"98",569700.8,124099.4,31533,24.49,-363,7964997,-58,775
"99",562699.6,134995.7,20199,9.46,146,5583957,138,1455
"100",576304.5,132905.7,22048,18.38,267,4841082,-34,1349
"101",579494,137398.3,13932,19.26,558,5153560,-32,1917
"102",579398.4,124795.8,11766,14.51,560,5103295,90,2185
"103",577795.7,137395.5,11133,23.28,836,4268241,119,2179
"104",577390.6,137392.6,11921,30.6,768,4798688,-194,2112
"105",575297.1,136296.7,10378,32.66,825,3690422,220,2264
"106",557846.9,147527.3,31056,19.77,-126,7334319,-17,691
"107",580903.4,141096.7,18594,21.25,296,6884241,-108,1551
"108",579797.7,123900.1,8227,21.63,832,5095648,166,2550
"109",575005.8,122110.3,20863,32.96,465,3207600,-52,1479
"110",578892.5,140400.4,16832,29.56,544,4187891,127,1676
"111",576598,138495.7,16021,28.74,622,4151977,37,1754
"112",577800,125300,11728,31.56,681,3862874,190,2199
"113",579651.4,136898,11812,31.15,674,3998412,215,2108
"114",576899.1,140897,19942,28.01,452,4273381,29,1441
"115",572597.3,133004.7,21045,23.35,223,4459458,35,1414
"116",560221,142970.2,32474,13.8,-210,7580249,192,612
"117",577504,125410.4,12596,43.47,846,2890980,184,2109
"118",581406,131494.1,9947,27.22,937,3868150,133,2340
"119",581499.8,131399,9303,29.1,1033,3636624,-129,2427
"120",569696.8,138099.7,17053,15.73,194,6166744,-5,1659
"121",571897.7,120196.7,14898,29.36,525,4013771,-96,1917
"122",573798.4,144701.7,25411,4.21,-99,6460301,-40,1061
"123",584593.8,151895.1,17246,13.87,255,6313963,51,1582
"124",569100,136100,18731,13.24,58,6973547,-4,1552
"125",579197.2,135997,11653,19.37,600,6978549,127,2119
"126",578594,125100.5,12932,18.46,459,6158986,126,2072
"127",579101.1,136303.5,11519,13.75,627,6077511,116,2148
"128",578699.1,136499.2,10096,33.28,763,6641680,118,2283
"129",578076,136824.3,8167,31.77,773,8255260,285,2481
"130",568503.8,137897.2,14765,12.34,223,6408702,109,1830
"131",556973.9,147973.5,32658,6.19,-141,6196037,-16,600
"132",571325.6,123371.5,30367,16.73,-69,4782453,-132,853
"133",581500.1,146293.7,18594,14.53,368,4741704,-51,1523
"134",578405.1,136698.7,8831,20.82,718,8052128,259,2404
"135",574599.1,147402.6,17629,32.17,124,8102753,152,1584
"136",569004.4,138896.9,16345,29.47,201,6416599,121,1696
"137",582698.6,152999.7,14804,30.33,399,6572599,111,1761
"138",572791.1,130001,13702,15.58,491,5287891,224,1965
"139",561243,143270.6,30366,21.68,221,5464521,-32,742
"140",576799,137001.5,10127,19.77,691,6178663,186,2263
"141",579499.3,125899.1,13580,21.82,633,4554758,-26,2025
"142",578798.1,152198.7,13344,32.68,292,8065203,200,1870
"143",576899.2,135300.6,17917,25.65,223,7781344,-80,1615
"144",571491.2,136704.4,17330,17.8,94,7672279,65,1651
"145",579595.4,135895.9,13077,4.13,533,6735875,28,1983
"146",574799.7,149306,11290,29.91,424,8350439,240,2104
"147",579202.5,127099.6,12932,30.59,436,8357594,-119,2069
"148",575302.8,124296.6,14776,20.93,465,4172365,139,1937
"149",582903.8,148008.8,24341,17.8,222,4942629,-41,1119
"150",578798,136097,10947,32.77,610,7912608,125,2192
"151",578507.5,136296,10562,40.08,758,7123111,82,2256
"152",578508.1,136447.7,9577,32.5,678,7264035,231,2299
"153",574896.5,148994.9,13685,30.76,309,8070789,-176,1883
"154",579695.7,135690.8,14614,30.43,431,7997583,21,1854
"155",578501.7,125401.6,13480,15.49,487,5431235,21,2026
"156",558697.6,151448.1,30273,23.1,-160,7508356,-85,725
"157",576401.6,145594.6,25863,19.05,147,4574392,-125,1032
"158",575197.5,136097.8,11360,31.59,508,8116016,152,2156
"159",579300,127000,13303,21.37,431,7500219,-128,2050
"160",578699.1,135697.9,12782,34.35,516,7453606,96,2022
"161",578101.7,136694.6,9455,45.72,821,7689805,-16,2359
"162",579394.5,127298.5,11240,36.95,571,8399502,-43,2233
"163",578099.9,136597.5,10313,40.01,735,8272746,25,2260
"164",556725.4,149799.5,29788,10.35,-84,6831676,27,766
"165",581102.6,147496.4,25574,23.97,279,4422351,-109,1030
"166",572499.3,142499.1,16518,16.29,137,7636131,166,1684
"167",578009.1,135297,16580,16.58,325,7448500,-23,1722
"168",569596.2,118697.6,20224,10.33,41,6311518,78,1509
"169",564005.6,135995.5,18524,14.37,189,6531099,49,1560
"170",574598.3,136695.3,12782,37.69,470,6916382,122,1999
"171",580599,130604.3,14733,24.55,469,6338039,-94,1894
"172",572599.5,117600.4,10899,28.91,789,3997374,-111,2276
"173",578901.5,145897.8,24218,18.36,223,5155862,-69,1135
"174",576392.2,136900,13633,23.31,641,4943475,-146,1945
"175",581303.3,129895.4,10500,9.4,785,5370992,-128,2306
"176",582391.8,131806.9,10439,23.49,853,4702114,-31,2284
"177",575498.4,119697.8,8321,25.33,721,7418368,188,2526
"178",572399.1,117203.5,9683,30.39,880,3580818,-84,2393
"179",568343.2,126100.4,30929,28.23,-270,6917298,-26,812
"180",583295.3,147897.6,24814,15.16,84,5578566,-94,1081
"181",571300.9,119198.1,15639,28.82,484,4610636,-185,1850
"182",581994.8,140302.7,13221,42.82,615,6421993,99,1984
"183",581989.9,139903.8,13685,35.02,612,6303070,68,1922
"184",570696.1,117995.1,13530,36.36,320,7257430,29,2007
"185",581598.5,131499.8,9399,33.3,981,4515747,108,2393
"186",572099.2,119498.8,9957,36.65,817,3424132,331,2367
"187",578801.4,145697,23001,32.6,242,5120075,10,1217
"188",577403.4,137099.6,10919,35.73,892,3749055,-260,2282
"189",575587.4,119963,7974,21.31,777,6050315,193,2561
"190",581299,141190.4,16112,34.95,389,7757367,-37,1735
"191",576997.9,128702.4,15396,32.93,547,4467481,99,1859
"192",555900.3,148998.7,30060,6.77,-141,7166270,41,748
"193",575600.5,142398.5,23812,22.88,155,6270642,-96,1166
"194",557699.9,149446.4,31209,14.01,-61,5473089,-39,683
"195",559759.4,145948.2,29792,19.01,-120,7918495,-69,776
"196",570601.6,126399.5,25783,21.43,-181,7940590,-11,1130
"197",576073.9,122944.4,19185,9.1,215,5518854,-123,1584
"198",576144.9,122862.2,18722,27.54,327,4743861,-139,1637
"199",575963.5,123411.2,19367,26.01,61,7058826,-186,1584
"200",578685.1,124961.7,13519,24.61,332,7538802,-28,2012
"201",578624,124900.8,13911,31.76,321,7315062,-93,1991
"202",578000.8,124697.2,16047,28.66,206,7075798,-221,1832
"203",579934.6,124834.3,12324,2.99,536,4991354,-189,2153
"204",578429.1,126929.7,16033,17.6,331,6777840,-138,1829
"205",575911,120586,5113,48.4,1105,8440640,79,2935
"206",568699.4,126299.1,31229,16.53,-279,7218104,-122,820
"207",578499.4,146998.9,25695,23.12,-78,7921154,-59,1016
"208",577097.3,132101.7,18489,14.66,326,5444995,130,1605
"209",570501,134777.5,25657,18.56,-157,7641732,-67,1080
"210",575424.2,148146.1,17499,34.37,180,8410062,180,1590
"211",564902.3,135892.4,16346,48.03,760,2592844,14,1765
"212",561077.2,142223.1,29054,22.37,-7,7328771,119,828
"213",568199.1,126923.2,26570,22.98,-215,8091331,75,1067
"214",575305,138001.9,17870,7.96,273,5594129,-63,1603
"215",578097.3,126797.3,16503,27.03,521,4307569,-110,1786
"216",567494,129402.2,27565,19.21,-78,5977464,31,1004
"217",568400,141500,19495,39.2,568,3410476,64,1494
"218",572202.6,124701.8,26273,14.49,-39,5699334,-59,1113
"219",571511.9,138702,15660,32.38,909,2643608,-199,1774
"220",568325.9,130398.8,26131,20.53,-87,6332566,63,1086
"221",577187.2,123302.2,14685,37.45,700,3968878,-141,1954
"222",558229.8,148297.1,29474,11.92,3,6590325,-35,781
"223",569189.5,133409.8,27072,14.14,-224,7068107,-78,1005
"224",572299.3,120103,12868,22.59,509,4872706,131,2073
"225",579502.3,146799.2,26367,16.8,158,5266022,-125,986
"226",571000,122800,25822,15.46,3,5233200,21,1148
"227",567495.4,138403.1,20139,5.26,80,5592734,-147,1441
"228",575000.6,145775,27730,10.53,-43,5736776,-94,901
"229",571100.3,118396.6,12747,31.39,749,3311084,4,2086
"230",558928,150370.2,28345,3.13,5,6316899,-21,848
"231",580001.8,147096.6,26307,16.13,132,5042641,-131,992
"232",577503.1,127204.8,17478,31.09,208,8149337,-142,1696
"233",576600,121200,9801,56.08,1054,1824986,-93,2418
"234",572201.4,133801.8,25173,18.83,136,4993461,-69,1129
"235",573001,147000.2,23373,21.57,-93,7979936,-44,1176
"236",581497.5,131291.2,8595,47.75,1299,2589177,66,2516
"237",559275.4,151124,28637,8.13,30,6116678,-38,828
"238",571098.2,146497.4,24805,9.93,-159,7263203,172,1066
"239",577501.2,145595,23001,15.92,28,6810056,13,1214
"240",571898.9,133906.8,25283,32.6,12,6019725,-6,1127
"241",575796,129984.7,17734,19.62,177,7490976,-73,1680
"242",561026.6,143900.2,29261,14.76,-5,7416155,53,807
"243",580201.8,150796.7,18427,2.96,175,6842991,151,1501
"244",573105.7,118601.3,16550,19.31,420,4669883,-179,1794
"245",573099.5,119599.5,15925,20.4,300,5697526,-50,1815
"246",571051.1,146399.7,25351,26.9,-195,8062380,191,1045
"247",573103.4,118598.5,16550,19.31,420,4669883,-179,1799
"248",580700,126300,13303,12.98,486,5585020,-20,2038
"249",582198.2,152691.8,15353,21.26,285,6985477,-62,1748
"250",569921,133567.9,28675,20.05,-249,7094290,-125,902
"251",573199.9,119600.8,16374,18.47,262,6028581,-75,1781
"252",566766.3,121184,38023,1.7,-464,6276535,-15,422
"253",576399.9,128498.4,19046,6.17,218,5774698,-160,1588
"254",567007.6,119415.6,36538,16.59,-544,7281173,-4,502
"255",575600.6,138700.5,19668,6.39,161,6624353,-116,1481
"256",580477.5,143595.9,18125,15.76,562,3541174,-181,1585
"257",566921.6,119499.3,36203,7.57,-434,6298960,15,513
"258",567217.1,119963.1,35900,6.71,-484,6662102,36,537
"259",564300.4,147498,19694,11.64,519,4939486,-152,1438
"260",567375.3,120135.8,35718,8.49,-449,6739211,51,546
"261",582302.9,146696.1,19262,15.11,311,4994516,-17,1473
"262",577001.9,144894.8,20894,7.6,152,6108693,36,1363
"263",567586.4,119886.5,35172,6.62,-448,6711327,41,573
"264",566597.5,119842.3,38236,9.86,-510,6579721,-64,410
"265",567203.5,121302.3,37963,2.33,-481,6473877,-26,426
"266",580599.6,151189.7,17322,14.71,181,7368170,215,1584
"267",565503.8,139301.8,14899,21.17,420,7036704,279,1816
"268",567201.5,121101.7,37841,6.13,-412,5824194,-24,438
"269",568299.9,121200.1,36810,6.66,-368,5879468,-92,486
"270",568600.9,119913.3,34808,10.14,-247,5450235,-134,595
"271",575301.1,128999.3,19817,16.85,75,7597215,-102,1525
"272",568499.9,119901.1,34990,8.92,-280,5510807,-128,586
"273",568001.3,119898.9,35536,13.04,-420,6567318,-41,554
"274",577799.6,126297,14260,15,454,5402852,158,1963
"275",567899.8,119898.4,35415,10.47,-429,6586680,-15,558
"276",567739.3,119992.1,34959,9.84,-455,6887459,52,580
"277",568299.9,119696.4,35323,8.23,-400,6080804,-122,572
"278",568201.9,119602.4,35597,8.46,-414,5928923,-119,562
"279",567499.3,119298.9,37174,6.25,-478,6300676,-71,459
"280",565400.3,144400.3,19495,46.89,891,2935560,-57,1482
"281",569400.3,131500.1,27778,26.26,-183,7072652,32,982
"282",567397.1,119101.8,37538,5.56,-485,6301084,-83,445
"283",575299.8,121901.7,19368,37.36,661,3127145,-220,1603
"284",567795.9,120798.4,36264,9.09,-380,5813140,0,523
"285",566799.5,120794.1,37023,12.13,-359,5561553,15,474
"286",555197.8,146597.1,35024,11.15,-344,6745574,4,468
"287",555805.8,146495.9,34539,10.23,-239,5991989,20,499
"288",556075.3,145996.9,35176,9.56,-294,6492848,2,466
"289",556700,145398.2,35296,6.19,-296,6697828,4,465
"290",580401.9,139199.1,18594,44.39,488,5847625,-108,1563
"291",556095.9,147396.3,33841,15.52,-308,7312254,3,540
"292",556500.7,147401.7,32992,13.21,-238,7234748,14,581
"293",557399.3,148599,32207,7.79,-178,6655152,-51,621
"294",580198.9,125401,12932,22.6,516,5812408,-9,2078
"295",556396.8,146594.9,34267,14.9,-325,7594603,1,515
"296",581200.3,137900,14343,13.69,472,6442929,160,1862
"297",569402.9,124255.3,30626,26.56,-335,8154015,21,834
"298",575603.4,122200.8,20861,33.36,534,3231546,-259,1505
"299",566898.4,128704.9,30262,21.65,-267,7230436,-30,856
"300",564497.7,145390,18353,41.37,568,6396850,58,1553
"301",567033.4,128733,30399,24.08,-288,7658354,-115,842
"302",575801.8,122501.7,20590,43.06,531,4021348,-155,1543
"303",561029.3,142573.3,28669,27.21,214,5719589,121,854
"304",574998.5,121895.7,19310,21.57,468,3426233,-77,1582
"305",559403.6,144804.3,31148,19.08,-124,7352464,-4,695
"306",558901.4,144999.9,32962,5.56,-147,6393180,-29,587
"307",574493.8,120197.7,19484,35.42,591,3740758,-306,1717
"308",558901.9,145301.7,32962,20.45,-187,7178387,-51,591
"309",559400.1,144600.6,31702,10.99,-130,6918214,-9,668
"310",559298.5,146098.9,29223,9.43,-83,7395940,2,805
"311",575499.6,140299.8,16947,7.43,317,6514129,122,1666
"312",580308.3,125895.5,13085,7.73,427,7068280,-5,2060
"313",561650.3,144250.7,27800,17.94,-32,7706308,-57,899
"314",569177.4,146198.7,24308,57.33,950,1419070,-96,1258
"315",559399.1,146299.4,28332,13.63,-41,7651420,16,865
"316",575701.7,139799.2,17168,4.57,252,6761941,74,1660
"317",577104.4,139798.9,16947,7.57,289,7010958,113,1671
"318",568401.1,137500.5,14553,5.49,224,6561058,97,1859
"319",572002.5,137399,16771,3.33,213,6380832,20,1690
"320",572400,119200,12532,25.24,596,4899398,16,2104
"321",568600.2,137699.4,14856,4.77,202,6754772,97,1826
"322",576400.9,139495.3,17261,3.14,271,6663623,34,1653
"323",581495,141708.9,14543,11.01,470,6357541,-120,1862
"324",572790,119200,14162,31.55,398,5276570,-13,1944
"325",568898.6,146093,22625,39.97,978,1722448,-349,1420
"326",581800.3,139198.9,15119,19.98,558,5380070,50,1813
"327",578800,142800,14373,26.59,1131,1701225,-334,2005
"328",575699.4,127700.4,17424,29.61,462,4491642,-145,1711
"329",573599,118503.8,17697,21.56,556,3287894,-154,1705
"330",564594,147102.9,16345,53.95,1263,2255392,-133,1743
"331",566801,141197.9,16345,36.59,896,2946497,-105,1832
"332",572501.1,118104.5,10833,11.34,538,6054267,42,2264
"333",570525.5,133196.1,25311,22.58,171,4467623,5,1126
"334",566274.6,141005.1,14887,47.27,1189,2424650,166,1801
"335",576801.2,125097.5,15768,52.95,948,2118242,-430,1985
"336",567797.4,136197.1,14051,48.17,307,7403354,25,1885
"337",567699.5,135898.8,14111,49.56,385,6413303,56,1885
"338",571502.8,137302.4,15211,37.12,410,4705790,44,1819
"339",564297.7,142001.5,15457,43.17,609,8258224,163,1769
"340",564401.8,142100,14795,39.84,598,8517557,141,1824
"341",571899.5,117300.2,9023,26.9,878,4489118,-106,2455
"342",558978.9,150775.4,28710,4.69,-18,6478032,-30,826
"343",569946.4,145602.9,24308,36.66,42,5920415,72,1121
"344",583702.1,145787.8,15199,43.41,792,3613536,92,1789
"345",563095.1,148098.7,17691,38.85,777,5396307,-34,1588
"346",565777,140310.9,15040,44.78,579,5967020,196,1793
"347",564498.7,147097.7,16832,36.73,969,3944248,7,1721
"348",572399,130099.6,14261,6.08,347,6317598,167,1931
"349",568001.2,137391.3,13396,7.4,414,5990757,24,1963
"350",571998.1,117500.9,9501,28.4,657,5779986,-158,2384
"351",573528,145101.4,25351,24.87,13,5889714,10,1060
"352",571003.5,146493.3,25093,15.23,-109,5977859,169,1055
"353",579801.1,125899.6,13085,14.38,504,5331515,0,2060
"354",580200.6,125803.9,12932,3.84,435,6795155,-2,2072
"355",579299.8,125801.8,13480,2.54,416,6523772,-22,2033
"356",579600.8,135998.8,13077,2.53,525,6557858,-19,1992
"357",581602.6,136003.3,12708,4.69,578,7144180,159,2019
"358",579599.3,126198.6,14049,1.73,408,6693274,-49,1980
"359",580600,126400.7,13403,5.56,414,7072058,-73,2036
"360",566496.5,134101.5,13673,48.93,425,6559562,108,1953
"361",572700.4,145900.5,28018,6.47,-244,6552899,-126,877
"362",578200,123100,8628,34.53,796,5741556,-42,2534
"363",580101.4,125999.7,12919,2.42,432,7122893,16,2085
"364",581600.9,135899.4,12813,4.43,507,6858623,107,2015
"365",579498.5,126100.5,14049,4.26,383,6588556,-58,1978
"366",572496.9,147096.7,22288,22.43,-76,7927350,19,1247
"367",579600,125798.4,12767,18.54,587,4950733,160,2078
"368",579705.7,139600.7,13294,23.33,506,6119934,188,1954
"369",579000,125099.2,13373,11.86,406,6128211,-56,2028
"370",580000.6,125598.8,12728,19.39,507,5479541,5,2089
"371",569772.6,134297.1,26048,28.63,-182,7869120,-63,1058
"372",579899.2,125101.4,12224,15.73,463,6337482,47,2137
"373",567204.4,135794.2,11820,9.28,402,6914250,182,2107
"374",577599.3,125597.3,14502,45.79,790,2703525,24,1950
"375",571084.2,137391.7,12208,41.8,754,3971656,198,2052
"376",578503.8,144203.7,13786,46.13,915,2974778,253,1813
"377",572500,118400,12162,34.78,657,4004718,-154,2160
"378",578357.6,143628.6,12770,46.83,513,7152841,237,2034
"379",580203,142698.8,11198,39.78,658,6574676,161,2132
"380",560976.8,142847.2,29937,24.18,140,5290876,32,766
"381",572987.7,120285.6,12362,55.78,531,7507233,182,2098
"382",571600.6,138301.1,11655,43.52,429,8010506,283,2141
"383",581701.1,141200.9,12672,40.14,569,7669418,161,2020
"384",581299.1,144899.3,11287,43.45,575,8461096,80,2104
"385",571003.2,130794.3,13024,43.16,458,5843337,108,2048
"386",567504.8,137198.5,12650,39.71,484,4991919,249,2048
"387",581099.1,136598.8,11782,42.67,744,5733125,148,2123
"388",572001.4,118302.7,8378,14.67,781,5977087,254,2515
"389",581701.1,141098.5,13355,43.8,585,6761028,70,1962
"390",579098.5,123904.7,10415,7.77,752,4932678,-66,2326
"391",577197.6,133097,22482,24.32,62,7449506,-29,1328
"392",572402.2,117799.7,10585,6.02,586,5820300,-10,2293
"393",572102.5,117100.2,8644,6.99,719,5317921,56,2478
"394",571597.6,117099.2,7448,27.89,911,4449456,192,2623
"395",577301.6,122003.7,10666,7.76,707,5186262,-58,2301
"396",577301.8,122199,10926,1.95,629,5645549,-15,2274
"397",578998,123800.3,10505,4.75,617,5930457,-83,2326
"398",578898.3,123699.5,10322,3.31,660,5455237,-51,2335
"399",563606.7,140403,25847,33.47,25,7819359,-98,1057
"400",572402.1,117700.7,10585,7.17,566,5761916,-31,2291
"401",579000.2,136502.1,11168,19.27,692,6114220,115,2187
"402",572300.2,117997,10396,21.43,576,6417021,51,2322
"403",572403.8,118198.8,10797,19.67,609,5685785,64,2280
"404",577103.5,121999.2,10510,13.77,688,5185802,14,2322
"405",575696,122696,22089,19.64,67,5518437,-226,1409
"406",579599.8,127302.9,10980,35.16,583,8322483,-24,2259
"407",579601.4,127499.5,9915,36.16,684,8428188,-120,2384
"408",573712.5,120867.6,17589,32.77,384,5457703,10,1697
"409",577500,126700,18311,36.03,494,4532053,-212,1676
"410",579502.8,127600,9275,37.95,771,8414903,-117,2455
"411",580802.5,142999.3,10313,40.22,671,8524705,275,2224
"412",582499.4,131896.3,10348,26.08,833,5081041,-10,2297
"413",576801.1,121397.6,9407,30.51,718,5144453,51,2438
"414",582601.9,131597,9303,31.01,960,4911265,-118,2424
"415",571998.7,119600.6,11375,37.53,887,3166252,103,2273
"416",581401.6,145079.7,10438,45.69,1007,2730749,327,2189
"417",577197.4,151400.4,13170,31.02,478,5945524,-196,1910
"418",573303.3,146902.1,24308,25.3,-71,7219580,-106,1129
"419",578708.6,128800.1,8745,44.16,1170,3632717,12,2519
"420",577601.9,137196.5,9455,50.72,900,4604924,354,2346
"421",579728.7,124201.3,9100,42.62,964,4545727,71,2487
"422",572099.8,118101.7,8845,48.52,741,6348922,172,2458
"423",580198.6,124398.4,9462,43.45,760,5856097,58,2437
"424",577204.8,149998.7,15691,28.19,292,6452044,74,1709
"425",561305.9,142601.2,26691,30.42,344,5064196,142,984
"426",580121.1,124212.8,8773,52.47,880,6102799,151,2506
"427",577598.6,136899.7,8364,39.95,977,4003208,250,2451
"428",571602.3,118200.9,10210,43.04,894,3883019,103,2321
"429",581700.8,147601.3,24997,29.58,389,3874659,-92,1071
"430",580298.8,124153,8628,17.12,723,6841168,246,2508
"431",578901.3,127899.8,6692,16.61,1061,4730650,387,2696
"432",580700.2,126000.6,13303,15,387,7785643,149,2033
"433",569001.5,124401.1,29812,16.11,-296,7311440,148,874
"434",566600,134402,13911,29.13,213,7305452,87,1939
"435",578800.8,128301.4,7908,27.43,837,6987745,83,2586
"436",582900,131200,6340,22.45,1165,5089023,133,2747
"437",582798.9,131200.4,6531,25.83,1140,4892754,147,2725
"438",578801.6,128500.6,8077,12.49,898,6230808,127,2564
"439",572101.9,116902.5,8150,18.37,818,4411940,107,2531
"440",578699.8,128500.5,7823,17.38,901,6157292,152,2590
"441",571900.3,117895.8,8120,19.26,755,6786520,196,2547
"442",581610.7,147395.8,24027,28.43,398,4193888,-53,1137
"443",578101.4,122995.5,8197,24.68,840,5521072,77,2581
"444",579802.4,128600.2,6372,21.35,1092,5458889,315,2735
"445",579002,127899.7,6692,12.17,1031,5746594,372,2679
"446",571799.3,117099.9,7980,3.44,743,5609021,142,2545
"447",579501.8,124097,7879,38.41,792,4758027,271,2569
"448",579400.6,128199.1,6531,20.64,1112,5102179,139,2738
"449",577098.6,151397,12661,34.07,493,6225625,-239,1983
"450",579501.3,128201.2,6279,12.66,1078,5982610,143,2767
"451",579852.5,124154.4,8773,47.79,826,3934718,117,2524
"452",571600.8,117394.3,8035,39.8,925,4123157,99,2559
"453",582301.3,131100.7,8278,25.4,1088,3790018,-171,2537
"454",579999.7,128699.3,7404,30.49,1070,3948869,184,2629
"455",571697,117498.5,7447,16.82,854,7863988,227,2592
"456",578799.4,128401.5,7823,16.1,914,5652116,155,2584
"457",572099,117900.4,9261,37.32,683,6584357,123,2441
"458",575301.5,143399.1,24308,30.59,72,6703442,-98,1145
"459",580099.4,128697.9,8077,37.48,1179,3534822,86,2589
"460",571703.9,116898.8,7614,23.3,916,4495689,-123,2669
"461",579400.3,127799.3,7426,39.87,939,8432839,116,2626
"462",582101.1,130491,5330,30.86,1138,8199433,215,2859
"463",579400.4,128498.4,8024,33.87,1109,4038534,138,2569
"464",582974.9,130998.9,5809,23.33,1223,5215381,-150,2814
"465",571797.9,134653.8,26243,31.47,185,5604128,-124,1060
"466",571600,116800,6846,59.45,1257,2300138,-92,2733
"467",576700,120900,7635,61.84,1384,2009462,98,2656
"468",578002.1,122999.6,7541,42.77,841,7187978,262,2622
"469",571599.6,117001.2,7008,35.8,878,5701161,287,2660
"470",571999.9,118900.2,8992,41.27,814,4901716,441,2440
"471",572599.1,146802.1,24846,28.9,-165,8270990,-77,1083
"472",577997.6,123103.8,6995,48.98,842,4087177,276,2633
"473",581899.6,130397.8,6854,47.27,1068,8081511,7,2696
"474",582997.1,131788.6,7821,41.71,1118,4446134,27,2592
"475",571499.4,117200.6,8181,41.27,889,5223573,78,2545
"476",579602.3,127994.2,5674,45.12,1382,4528348,277,2802
"477",571708.7,117300.1,7980,34.87,787,5789690,146,2551
"478",572705.1,134195.4,26720,29.81,-166,7784096,-151,1030
"479",571799.5,117699.5,7667,20.62,796,6017650,199,2579
"480",574750,146348.6,26600,26.38,-169,8042499,-86,984
"481",570900,135200,23042,28.66,-37,7093200,21,1254
"482",570709.9,122288.1,22276,17.58,131,5075273,128,1360
"483",560737.6,143528.2,31148,29.54,-128,7074969,-67,709
"484",560901,142299.9,29700,25.5,-44,7430183,115,782
"485",583260.3,130892.4,3666,39.2,1365,7958370,459,3060
"486",581883.4,130635.3,4791,31.56,1213,7951475,448,2914
"487",572004.8,148103.8,18655,19.15,55,7702732,-158,1521
"488",580596.6,133307,20773,11.69,148,6729179,-94,1441
"489",579103.4,152501.4,13878,21.86,272,7790345,102,1851
"490",572196.4,137698.4,16375,24.01,167,8026187,27,1708
"491",580599.5,126794.6,12515,15.04,464,7699798,-98,2103
"492",581100.4,154798.8,19948,2.68,102,6305587,-129,1394
"493",579503.2,125604.8,13167,36.87,406,7927700,26,2045
"494",581097,154305.9,19949,7.55,181,5937764,-144,1393
"495",580602.7,125896.4,13763,31.25,382,7957283,-55,1990
"496",571498.3,135601.9,21895,13.69,-18,6924094,-79,1350
"497",567400,136200,12456,12.68,274,7254976,129,2068
"498",574702.8,143702,21045,8.58,88,6161571,145,1358
"499",581199.1,154799.7,19949,0.8,113,6303257,-142,1385
"500",556700.3,149126.1,31994,28.48,-197,7331386,-53,650
"501",566906.4,128404.5,31022,13.94,-240,6683071,-55,788
"502",580390.8,131206.1,11166,58.75,697,7569126,330,2150
"503",580497.4,131200.7,10850,41.56,695,7946864,324,2157
"504",568200.2,139899.8,21279,9.28,130,5585606,-120,1343
"505",568000.3,127999.3,22985,6.78,8,6127503,153,1303
"506",571600.3,117598.4,7560,43.4,847,6947993,230,2597
"507",570099.3,141295.4,22632,9.64,29,5906565,-79,1246
"508",576799.8,121598.6,9285,46.84,886,3349675,191,2443
"509",571399.4,141299.9,21407,17.02,139,5122921,-44,1337
"510",570000,124100,30427,16.93,-341,7452917,-27,836
"511",567302,142705.6,21800,23.38,107,6675279,-119,1310
"512",567598.2,141003.6,15102,26.98,313,7950105,146,1793
"513",576501.3,144798.9,20358,11.49,229,5416127,120,1412
"514",565990.8,142202.1,17308,27.56,315,7854095,-15,1629
"515",577904.8,141703.9,22137,30.64,117,7192037,-114,1298
"516",573801.8,144002.7,23281,18.55,127,4919298,-22,1205
"517",569696.8,142495.1,17484,26.52,93,8157599,187,1612
"518",580805.96,127042.88,11863,30.77,551,8379200,-200,2193
"519",580747.05,126947.96,12194,25.69,497,8116670,-143,2146
"520",579493.24,127048.15,12716,27,445,8282618,-114,2105
"521",580243.28,127611.51,8509,48.28,892,8337296,-92,2532
"522",580259.37,127455.27,9640,36.34,773,8216018,-116,2415
"523",580202.34,127087.23,11532,22.42,555,7904029,-87,2224
"524",579149.56,126813.48,14121,13.87,355,7359730,-131,1978
"525",578564.43,123658.45,9701,50.18,698,5418420,91,2379
"526",580244,127614,8509,48.28,892,8337296,-92,2532
"527",579125.98,124114.63,11112,31.5,709,4968919,-264,2281
"528",578588,123645.8,9950,36.74,663,5919337,81,2379
"529",579132.85,124078.65,11084,31.8,741,4672297,-234,2291
"530",579228.68,124056.79,10322,56.11,828,5147225,-168,2387
"531",579221,123601,9581,30.11,890,4212227,-170,2445
"532",578616.29,123647.95,10077,28.8,651,6217965,54,2376
"533",579287,123540,8922,35.63,940,4106410,-138,2548
"534",579146,123696,10223,15.42,759,4582849,-166,2376
"535",578454.92,127133.81,15396,25.55,304,8108509,-150,1886
"536",578503.27,127285.06,14111,42.24,398,8472652,-112,1962
"537",578439.11,127104.02,15581,24.59,300,8016693,-151,1862
"538",578480.98,127199.27,14918,27.34,345,8037474,-154,1916
"539",576498,125302,18722,30.87,569,2977007,-179,1661
"540",577231,125337,14745,58.6,949,2269933,-198,1994
"541",577095,125563,17424,29.66,482,3954780,-65,1733
"542",577002,125737.1,19046,29.86,452,3777157,-147,1576
"543",576486,125157,17424,35.19,850,1696385,-204,1747
"544",577191,125438,16078,35.56,520,3540084,-172,1869
"545",580384,126010,13136,23.53,426,6828358,-15,2055
"546",580205,125430,12932,24.74,537,5567842,6,2075
"547",580713,126950,12183,25.27,498,8081326,-132,2143
"548",580735,126895,12423,21.54,470,7889651,-133,2123
"549",580700,127022,11788,30.19,560,8320361,-139,2169
"550",580692,127093,11403,31.46,590,8359872,-131,2213
"551",581187.6,126615.4,13136,10.55,491,6267949,-57,2055
"552",579979.6,125113.6,12183,10.51,484,6183604,72,2138
"553",579975.2,125451.3,12728,6.68,462,6484934,-25,2102
"554",579320.9,125692.3,13136,12.29,479,5822170,21,2044
"555",579713.3,126380.6,13881,6.87,436,6619740,-81,1979
"556",577953.2,126367.3,14703,7.99,361,5842147,56,1931
"557",579850.8,126387.2,13809,6.32,439,6110468,-83,1994
"558",580320.4,126280,13571,9.41,476,5734838,-73,2028
"559",579099.5,126315.5,14918,7.47,371,6351340,-106,1914
"560",579874,125137.7,12293,14.81,484,6315299,26,2134
"561",579966.4,126392.9,13733,7.48,442,6393106,-83,2004
"562",578659,125442.1,13881,16.32,451,5357232,-18,1974
"563",579856.2,126390.9,13809,6.32,439,6110468,-83,1994
"564",579864.5,125055.5,12393,13.1,479,6258756,-18,2130
"565",579059.7,125383.8,14260,7.32,377,6151994,-114,1971
"566",577877,126293.4,14352,11.25,381,5793951,147,1948
"567",580710.1,126347,13403,2.68,445,6602889,-59,2036
"568",579022.2,126207.6,14948,4.9,355,6383837,-96,1913
"569",580670.9,126348.4,13448,3.84,444,6433538,-62,2036
"570",580291.9,125169.4,13106,3.55,437,5632709,-89,2069
"571",579896.4,125666.6,12932,6.2,461,6479239,-1,2077
"572",578925.1,125419.7,14320,6.07,385,6168006,-77,1962
"573",579842.5,125477.5,12919,14.29,509,6437607,-11,2088
"574",578146.2,125630.2,13519,11.64,353,7062649,-114,2028
"575",580927.4,126331,13197,7.45,409,7311383,-30,2042
"576",579903.3,124812.2,12324,4.99,598,4757929,-218,2147
"577",580380.3,126279.7,13541,11.36,490,5509971,-71,2031
"578",578957.5,126397.4,14978,5.91,338,6853479,-112,1898
"579",577967.5,125936.5,12566,37.4,869,3445674,221,2096
"580",580183.1,124903.7,12255,52.37,1077,2091903,-122,2159
"581",579939.7,124680.7,11728,56.85,1094,2672661,-237,2207
"582",577861.3,127677.7,12454,47.1,539,8279202,33,2105
"583",577374,127611,13136,46.2,503,8475694,59,2036
"584",577798.1,127536.7,14352,44.73,441,8289014,-78,1957
"585",577392.7,127634.3,12932,44.33,540,8267049,96,2074
"586",578063.4,127605.7,12353,45.16,495,6947747,98,2135
"587",578985.3,124216,11570,14.27,684,4569307,-185,2217
"588",578728.3,124055.2,10992,4.03,612,5731070,32,2262
"589",578614.6,123558.7,10385,21.16,656,5500182,-152,2360
"590",579043.7,123564.4,9670,26.07,823,4481523,30,2407
"591",578505.7,123280.5,9617,14.25,788,4747314,-157,2416
"592",578934.8,124240.5,11570,10.26,663,5342370,-85,2220
"593",578770,123460.6,10046,12.02,717,5127172,-162,2362
"594",579168.8,123873.3,10385,12.85,722,4654589,-170,2334
"595",578471.7,123242.4,9433,17.63,862,4491750,-144,2434
"596",579483.8,124505.5,11433,19.98,708,4262177,-159,2233
"597",578929.5,123692.1,10322,7.71,661,5407028,-110,2335
"598",578943.4,123708,10358,7.43,681,5253328,-75,2338
"599",578823.6,123767.3,10358,7.97,629,5497125,22,2334
"600",579126.8,123814.8,10290,5.86,745,5071538,-136,2335
"601",578708.3,123582.4,10358,8.46,719,5281674,-123,2341
"602",578960.9,123707.6,10322,10.83,722,5075406,-110,2338
"603",578822.7,123633.4,10385,6.85,669,5520999,-73,2337
"604",579011,123774.2,10505,2.79,647,5550373,-113,2329
"605",577851.4,127738.3,11894,49.95,652,8098966,18,2205
"606",577859.5,122982.6,7855,35.05,848,5892591,191,2611
"607",578015.3,123007,7541,42.77,841,7187978,262,2622
"608",578125.7,123079.8,8165,39.74,784,6494110,70,2576
"609",579205.6,125078.1,13312,8.34,450,5907399,-62,2052
"610",578037.6,126409,14594,1.22,353,6415873,23,1927
"611",578004.2,125329.5,12423,15.34,527,5823651,144,2119
"612",579206.9,125090.7,13312,8.34,450,5907399,-62,2052
"613",578626.6,127191.4,14564,29.77,361,8038564,-172,1961
"614",574267,145242,27310,4.85,-139,6591553,-77,925
"615",574875,145400,27567,2.96,-147,6589137,-86,910
"616",576247.8,146647.9,27270,3.53,-90,6551206,-90,922
"617",575126.3,146214.1,27720,5.12,-156,6799936,-111,898
"618",558686,150495,28711,6.99,-9,6635505,42,825
"619",570650,145879,27973,26,112,4051834,-147,884
"620",572576,145799,28412,3.28,-197,5762709,-131,865
"621",583827,148921,25448,26.82,318,4726839,-138,1045
"622",559682,150847,27372,13.93,182,5286962,-24,924
"623",561167,150231,26276,30.28,255,5124437,-21,983
"624",558221.8,151780,28761,5.37,-63,7054899,5,808
"625",556686,150643,26965,15.82,19,7583816,101,933
"626",569928.4,146296.5,28777,10.79,-96,5286650,-140,832
"627",570001.6,133874.5,28283,15.22,-205,6474849,-128,928
"628",562926.6,133269.6,28674,19.88,-333,7688551,36,906
"629",575375.2,146699.9,26630,10.77,-115,7372205,-108,965
"630",580123.9,147775.7,26379,7.33,-68,6958568,-129,983
"631",559406,146677,26669,20.53,40,7970593,64,968
"632",568463,126715,28179,22.53,-240,7848901,9,978
"633",571942.6,146126.3,28351,6.54,-202,6308840,-127,860
"634",569199,121372,30840,23.9,-243,6266250,-70,801
"635",574873,144698,26763,12.64,-44,6067501,-104,968
"636",560411,145333,26965,21.63,322,4832740,32,960
"637",570169,146010,28273,33.08,348,3086966,-141,870
"638",580304.8,147078.7,25574,26.87,398,4121705,-131,1041
"639",569795,133252,29850,4.57,411,4928235,-258,885
"640",570196,133321.4,27314,34.88,140,4103771,-73,999
"641",570227,145645.5,26367,30.16,252,3389089,-166,1004
"642",570267.8,134005.8,27827,14.59,-229,7002614,-81,951
"643",569380.1,133056.7,28902,28.13,-203,6394372,-127,904
"644",571280.1,145674.6,27312,26.15,-111,6141170,-124,929
"645",578843.4,146951,25802,15.74,-33,7476976,-58,1009
"646",568568.2,132126.2,27252,31.78,-189,7359347,-20,1017
"647",578147,147106,25984,13.4,-76,7447182,-63,1013
"648",567443,128795,29125,31.3,-243,7732642,-119,906
"649",559038,146684,27352,27.96,178,6580964,75,931
"650",570749.6,146998.7,25700,31.98,-173,7426840,-7,1031
"651",571199.4,133859.4,27827,27.4,105,4652455,-157,966
"652",573297,122712,26794,6.05,-147,5822509,-161,1077
"653",568421.6,142839.2,25229,2.52,85,5573774,-187,1074
"654",578231.9,145586.8,23493,9.84,159,5641179,-44,1178
"655",578798,132072,24482,2.53,144,5860968,-127,1185
"656",560161,149271,22812,6.64,328,6607000,70,1221
"657",572682,125042,25977,17.38,-2,5412685,-117,1130
"658",572983,133784,25566,19.81,130,4710442,-121,1107
"659",561319,149776,24088,8.88,237,6004263,-23,1134
"660",576651.2,141850.9,24683,16.63,169,5212357,-131,1126
"661",568125.1,143349.9,25320,1.1,137,5505634,-165,1077
"662",574025.1,144176.6,24338,21.9,19,5533210,-57,1132
"663",559727,148105,22231,15.84,370,6698776,124,1270
"664",578077,132564,24446,14.97,136,5495341,-93,1191
"665",576116.2,134222,23597,17.16,-6,7712445,-103,1230
"666",570883.7,134940.3,24446,20.35,-102,7655306,-24,1178
"667",580876.9,148496.6,24936,12.93,-36,7344834,-27,1069
"668",580549,148399.8,25123,6.96,-28,7238405,-51,1050
"669",569848,128505,22333,20.91,-69,8027732,-56,1357
"670",573345,146625.1,24653,21.15,-134,7453450,-57,1092
"671",572997,122670,26990,11.65,-241,6424088,-144,1069
"672",579233.8,146350.4,24876,24.06,253,4881169,-80,1074
"673",561307,146819,24660,25.09,139,7754361,-71,1099
"674",559050,148603,24373,14.48,404,5467797,76,1106
"675",567680,143736,24027,31.19,421,3727729,-125,1158
"676",575479,144757,24713,32.45,355,3924462,-22,1117
"677",577175.1,141324.5,23311,33.87,401,3958361,-101,1210
"678",568019,143052,23772,32.01,390,3621017,-124,1181
"679",576905.09,148900,22385,28.11,55,7254117,-181,1259
"680",561475.5,144725.5,24885,29.22,163,7344463,133,1103
"681",569719.2,144953.4,22257,27.93,134,5473099,-177,1266
"682",584904,150074,22779,32.82,160,7019356,-105,1190
"683",574649.8,146625,23993,27.41,-69,8083933,2,1151
"684",573924.6,146424.8,25411,37.01,-26,7952467,-121,1069
"685",573300,134528,23821,27.02,-76,8208161,-55,1209
"686",577525,148750,22109,23.55,21,8085392,-72,1257
"687",572100,134650,25980,41.91,116,6346388,-150,1086
"688",562009,145236,25326,24.35,129,7484512,-145,1070
"689",570871,147205,24846,25.23,-155,6799837,3,1084
"690",567446,138626.5,20350,7.98,98,5918152,-122,1424
"691",573769.5,138667.8,20178,5.83,112,6475158,-76,1439
"692",566360.4,138988.8,20501,1.96,231,6505773,-124,1412
"693",574024.6,140198.9,21006,4.95,106,6432937,-83,1377
"694",581075.5,153701.3,19980,2.61,224,5806110,-158,1400
"695",583099,147049,21105,10.32,225,5504131,-55,1341
"696",562151.1,148075.6,19637,12.55,556,5455208,42,1441
"697",570469.3,140698.1,20895,22.89,165,5161813,1,1391
"698",581123.8,146675.1,20894,23.63,448,4221562,-62,1358
"699",572858.6,140980,20679,21.21,196,5089834,-77,1390
"700",566924.1,139722.5,19789,21.92,138,7210793,-88,1472
"701",576273.4,144700.4,19433,21.02,180,6388411,145,1481
"702",569700.8,144348.4,20532,13.5,315,4678941,-148,1383
"703",564749.3,136624.1,19256,14.11,229,5449098,-56,1505
"704",573001.4,137035,21167,23.03,74,7012785,-127,1392
"705",572297.5,126446.6,21750,14.25,-41,7365315,129,1404
"706",572950,134925,22204,13.06,-29,7504821,17,1319
"707",570286.3,136049.6,22355,14.87,-51,7023296,-89,1300
"708",562625.6,146899.8,20380,22.57,401,6958426,-183,1398
"709",570071.3,142094.2,21559,30.36,-18,7825081,-61,1329
"710",573572.4,136995.4,20320,14,252,5553544,-131,1444
"711",578303.6,148842.6,19800,27.56,353,5240958,47,1423
"712",566303.8,138452.4,19455,15.47,200,5858695,-53,1484
"713",568688,129132,20055,20.51,48,7415376,133,1506
"714",570875,121803,20409,28.13,336,3957115,112,1501
"715",572540.2,144902.1,21619,29.49,192,3915776,162,1321
"716",572073,144176,19973,33.99,44,7696389,68,1449
"717",563219,146338,20055,32.89,433,7071666,-17,1442
"718",563896.2,147901,19464,39.83,466,5945214,-104,1458
"719",574641,148142.9,16157,32.4,399,5457175,50,1693
"720",569802.4,136268.6,21014,28.98,220,4813648,-98,1406
"721",583275,149575,20214,29.82,116,8393088,54,1370
"722",565190.7,134912.8,19659,35.97,13,8178324,-110,1518
"723",578799.6,151400.5,19643,37.57,144,7699296,-103,1400
"724",579785.7,145240.6,22079,27.92,193,5777330,-142,1285
"725",576027.9,148852.9,18335,36.09,209,7425737,-166,1535
"726",570195,140281,20864,30.81,174,5695968,-14,1402
"727",565411,134801,19195,29.86,18,7619814,-111,1521
"728",574339,120265,20680,19.8,272,4939786,-179,1504
"729",581476.3,153775.8,18716,31.54,259,5918212,-118,1487
"730",570945.2,139458.6,17245,9.33,144,6338606,30,1637
"731",572430.5,131193.9,17277,4.62,235,6077299,-111,1697
"732",579300,143526,18850,1.86,318,5011082,-145,1533
"733",569751,137849.8,16961,3.84,228,6504843,27,1658
"734",573425.2,142275.1,17663,4.4,139,6887411,101,1607
"735",584276,152723,16567,25.68,491,4348438,-81,1654
"736",565004,143462,17307,18.26,656,4497503,-108,1632
"737",583994,152783,16017,21.94,445,4635015,50,1678
"738",573600,124274.2,18346,15.78,242,5277507,139,1646
"739",583540,146251,17869,16.95,612,4375034,-168,1570
"740",566926.9,138078.1,18145,9.34,202,5723458,-24,1586
"741",579525,140325,17899,21.91,514,4902224,49,1607
"742",570972,121569,19751,18.17,127,5648627,90,1535
"743",572492.6,137664,16961,17.86,160,7102432,32,1677
"744",576317,139872.7,16436,13.98,243,7780741,113,1715
"745",581297,134228,17540,11.15,279,7157155,-12,1659
"746",571125,136374.6,19084,16.63,52,7454685,9,1531
"747",583649.2,151723.5,16112,23.78,234,8012012,26,1676
"748",575697,135312,16771,24.43,236,8212924,9,1707
"749",570375.4,121675.1,18924,25.06,240,5364094,226,1592
"750",575927.9,128449.8,19366,14.41,244,5868622,-133,1563
"751",576497,123186,16947,24.61,173,6597266,188,1746
"752",581156.7,152529.2,17246,33.27,469,4944197,14,1595
"753",583550,151349,15864,24.15,481,4990416,86,1697
"754",564950,143883,17948,9.45,560,5389335,4,1583
"755",573652.6,132433.2,16314,8.36,209,6678207,178,1748
"756",577761.1,138756.1,17406,27.5,583,4187255,-54,1649
"757",563673,134679,18494,38.42,88,8455037,159,1589
"758",579861,153041,15956,26.64,239,7273260,-117,1693
"759",578979.2,144077.2,17808,38.78,315,6471678,-152,1614
"760",584775.4,154399.4,16879,29.27,339,6434768,-37,1612
"761",581077.6,151499,17129,28.09,190,8060333,124,1591
"762",579424.7,152150.3,16422,29.51,187,8266442,9,1645
"763",571150.1,129625,17279,25.95,119,8311912,39,1702
"764",574725,121175.5,16979,31.68,243,6822249,102,1736
"765",571275.3,120623,18364,29.91,313,5018328,-131,1642
"766",578764,151606,18335,42.94,349,6997503,-65,1517
"767",571291.3,119649.5,16550,27.94,338,5350302,-190,1804
"768",573894,118674,17925,24.05,534,3702362,-178,1694
"769",581379.7,137749.9,14071,4.42,481,6465777,80,1891
"770",578753.8,125899.1,14352,5.71,354,6438233,-16,1955
"771",583335.4,145409.1,15119,7.65,379,6595139,48,1778
"772",580525.8,137224.8,14998,6.93,522,5800287,-164,1843
"773",577446.5,124252,16808,3.26,238,5912951,-152,1794
"774",577174.9,138100,13871,15.53,575,5160337,51,1911
"775",577076.1,137874.7,13633,16.24,567,4869458,-31,1943
"776",573075.3,130849,16064,10.43,298,5770063,-7,1798
"777",581976.5,135748.4,13754,24.45,660,5032554,49,1929
"778",576974.5,123426.3,16548,9.71,357,4829811,-130,1791
"779",574207.2,130257.2,15612,17.54,272,7036913,61,1830
"780",579550,152800,13509,22.05,327,7362630,208,1864
"781",568181,137004,13435,25.6,373,6289559,-68,1975
"782",578224.5,126575.1,15163,20.08,493,5458788,-43,1891
"783",568331,137532,14475,11.34,275,6141263,74,1865
"784",567397,135231,15132,8.22,171,6912180,-30,1829
"785",582874,153225,14937,24.85,275,7755818,32,1759
"786",582975.2,153650,12795,20.85,330,7887477,149,1932
"787",576600.7,123898.4,16755,15.96,190,7091197,-133,1771
"788",575526.4,124591.1,15438,17.48,399,5006592,79,1865
"789",581525,145327,13417,24.66,634,4343595,-270,1953
"790",570326,118574.8,14333,26.57,341,6331404,152,1929
"791",573268.3,130105.2,13973,23.66,350,6446679,133,1957
"792",582675.7,153675.5,14183,9.07,375,6244698,-84,1839
"793",575167,137251,14024,38.4,728,2901991,138,1929
"794",576750.7,129474.4,15581,27.23,628,4071034,98,1853
"795",578037.2,138218.7,15089,33.11,683,3745433,0,1839
"796",567800.8,137174,12964,28.76,458,5170324,17,1998
"797",573339,121070,13850,49.94,516,3664039,275,2010
"798",584078.3,155077.5,14044,40.01,341,7810202,-19,1811
"799",571250.6,131047.4,13612,31.49,305,7504017,185,1995
"800",580000,153749,13447,31.2,344,6977726,152,1926
"801",565100,142293,14475,35.03,560,8309519,138,1875
"802",577349.5,124601.4,15986,26.31,222,6831003,-145,1837
"803",581550,141975,13417,27.53,436,7873715,56,1924
"804",575725,123575.3,16176,40.98,298,7527801,150,1777
"805",580599,142450,13502,33.94,444,8433216,95,1919
"806",580949.8,137675.4,15242,28.43,617,5161681,-20,1816
"807",570204.8,117051.6,15145,27.6,388,5325711,132,1891
"808",579360,138513,15413,28.74,516,5903830,-227,1810
"809",570629.3,117628.7,15534,34.06,294,6259709,-153,1853
"810",570900.2,137500.1,11168,5.34,578,6913056,389,2135
"811",573410.4,117778,12193,7.05,649,4046506,-117,2143
"812",567773,136721.7,12246,6.7,333,6792548,106,2072
"813",578921.2,137373.2,12782,38.77,525,5295899,97,1998
"814",582112.9,145111.3,12431,8.24,523,5980197,-135,2022
"815",577700.1,127074,17889,24.12,214,7527407,-167,1676
"816",571297.1,118325.6,12203,27.23,653,4008258,15,2136
"817",576125,127300,13312,24.2,621,4535046,185,2055
"818",573152.8,117996.8,12942,19.92,617,4121569,-126,2069
"819",578370,137739,11519,45.53,676,4607823,286,2058
"820",578399.3,126000.6,13550,23.97,486,5744579,69,2018
"821",578550.1,125700.3,13702,22.78,376,7119151,25,1999
"822",566724.3,135125.3,12456,23.45,282,7536588,314,2040
"823",577150,137549,12782,20.02,710,4319621,-120,2036
"824",579281.6,124630.2,11403,19.3,520,5675348,77,2225
"825",581176,136034,12508,17.85,487,7896059,95,2053
"826",567377.1,136551.9,11140,15.48,351,7541810,241,2165
"827",580999.9,126550.1,12932,19.18,495,6131176,-47,2074
"828",580927.5,126009.9,13672,35.61,450,8323387,90,1987
"829",567825.3,136499.5,12921,25.19,252,8026753,129,2008
"830",577903.9,125558.2,13510,17.19,481,5522370,69,2020
"831",565875,135599.2,11692,25.04,479,5881562,207,2117
"832",572902,120547,11277,23.95,645,4837756,304,2235
"833",570652.4,118626.4,12362,26.4,417,6830567,235,2091
"834",567443.8,136781.1,11332,23.74,490,4571423,200,2141
"835",581200.1,130125.2,11174,30.17,895,4154154,-97,2245
"836",576102,121726,13413,26.59,622,3525885,-72,2043
"837",576800,137648,12812,29.36,703,3845279,54,2031
"838",570842,118704.9,13103,32.59,561,4549153,97,2031
"839",578402,137444,12539,25.82,603,5512301,25,2062
"840",573198.2,117625.4,11247,21.41,780,3909555,50,2230
"841",567025,136049,11562,38.6,514,5121450,-54,2179
"842",575564.1,136336.5,10562,37.21,591,8360800,231,2264
"843",564479,142336,13025,40.31,730,8479028,254,1966
"844",576053.4,136301.8,10131,13.24,683,5155953,318,2278
"845",571576,119374,12666,38.68,547,5686966,108,2079
"846",581401,144503,12801,35.58,622,5499040,84,1977
"847",572221,117491,10086,17.77,806,4471452,-83,2352
"848",577352,152347,8684,4.72,602,6971638,369,2355
"849",577209,121725,10108,5.39,679,5094425,-49,2354
"850",581101,129848,10688,5.42,728,5472381,-82,2274
"851",580489.7,124797.4,10385,22.37,629,6778654,180,2316
"852",572199.8,117650.9,10270,18.62,601,5900424,-139,2327
"853",572981.6,117609.8,11018,17.55,674,4412188,-32,2237
"854",576994,121800.4,9801,32.56,731,5121083,105,2386
"855",577400,122951,9617,26.24,642,7411524,354,2396
"856",583325,132624,10344,20.2,639,6505993,349,2305
"857",577524.7,122699.5,11084,23.99,549,6495158,-222,2273
"858",582709,132001,8537,43.76,819,6604433,275,2464
"859",581610.1,130059.4,9127,25.81,869,6120622,-115,2441
"860",571002.1,117025.8,10302,38.49,856,3759100,157,2304
"861",577489,136515.8,9698,35.31,708,7918680,178,2332
"862",577175,152225,9334,33.49,634,8421082,134,2269
"863",575216,120633,11314,40.48,594,6904813,145,2257
"864",581359,130491,10944,37.83,810,5876526,-241,2263
"865",579980.7,124534,9217,51.96,1124,2723321,304,2407
"866",578042.8,122655.1,7324,22.49,1006,4829847,108,2651
"867",578224,123526,7855,17.09,786,5641820,304,2593
"868",572061.3,118574.9,8348,35.6,774,5812198,338,2489
"869",578342,123919,10295,41.1,766,3756099,315,2331
"870",571651.4,117998.6,8613,34.11,985,3482840,183,2506
"871",578120,123337,7993,63.69,919,4592610,190,2573
"872",577713,122942.5,8628,29.48,722,6881339,208,2540
"873",575393.1,119101.4,8348,35.27,911,5326754,131,2553
"874",582940.7,129415.4,5370,6.84,1173,6465678,125,2871
"875",582275,130200,5674,33.81,1133,7342278,176,2800
"876",575889.5,120676.1,4500,47.14,1167,5194981,348,3016
"877",572787.5,117489.2,10644,19.32,611,5067470,-71,2288
"878",582384.9,130722.1,5934,30.61,1253,3338665,146,2814
"879",582686.8,131030.8,6932,50.82,1188,4440247,-45,2702
"880",582883.1,131371.4,6799,29.46,1212,3786478,135,2704
"881",574168.1,117742.9,5234,41.36,1322,2654974,552,2850
"882",574133,117732,5304,61.81,1392,2318048,673,2878
"883",574094.1,117695,5484,74.09,1401,2380165,430,2892
"884",575200.1,119102,8519,26.45,851,5619533,272,2479
"885",575300,119037,8290,8.33,835,5978477,199,2531
"886",575949.4,120677.4,4469,6.63,1144,6827046,353,3022
"887",571813.5,118214.4,9083,36.03,761,6111430,94,2476
"888",574764,146758,23339,26.49,-62,7970897,17,1199
"889",572793,124557,24032,25.23,210,4467615,-9,1262
"890",572945.7,123049.8,26017,30.26,-187,7335664,-122,1123
"891",581351,151024.7,20214,11.76,103,7452513,-26,1386
"892",579224,140473,17899,26.11,550,4248307,75,1599
"893",580477,132142,16427,36.16,767,3251826,27,1761
"894",575825,137074.4,14264,9.48,517,5277677,-77,1904
"895",581882,132197,14906,25.64,761,3175816,-209,1882
"896",579224.9,126601.5,14461,10.22,356,7101640,-128,1956
"897",572299.1,120848.7,16680,28.77,413,4601373,14,1758
"898",578352.6,125122.8,12224,5.79,502,6973294,293,2112
"899",577523,152782,10433,21.49,554,6121379,56,2200
"900",579985,136034.5,12040,30.59,541,7217769,117,2092
"901",571751,119856,12404,20.66,650,4538566,174,2084
"902",572671.6,119804.4,13207,39.6,397,7063707,13,2063
"903",579549,136348,11843,31.71,605,7753923,-56,2128
"904",580400,136150,10438,1.69,735,6433656,274,2237
"905",572325,119773,10961,24.96,652,4587707,324,2257
"906",578850.8,136647.6,10473,18.56,660,7009470,128,2250
"907",579749.7,136350,10562,14.54,672,7882764,263,2218
"908",578505,123758,9801,31.26,824,3653134,103,2388
"909",571583.1,117803.5,7448,8.92,842,6836715,397,2607
"910",571127.6,145673.8,26216,22.03,41,4430719,136,995
"911",582774.8,130479.7,5674,8.66,1116,6944452,102,2847
"912",582277.9,130114.1,5964,61.05,1147,7149748,58,2785
