"","IDENT","elev","PerSlope","aspect","Northness","Sdclass","Rockiness","VallyBotFlat","topowet","PPTann","pptColdQtr","pptWarmQtr","cvTemp","TempColdMin","TempColdMean","TempWarmMean","cvRad","annMeanRad","miAnnMean","miColdQtr","miWarmQtr","T0","T1","T2","GeolID","GeolClass","SOIL","Sandiness","Loaminess","K","Thor","Uran","THtoK","TotalC"
"1","MGS1",427,34,72.355957,0.303102515,10,60,0,8.89,785,262,122,142,27,68,171,45,154,70.96,27,25,6124.01,7815.17,8142,2688,"Ssr","",1,0,-0.94,2.48,2.36,-2.33,852.41
"2","MGS5",427,30,72.355957,0.303102515,10,75,0,8.89,785,262,122,142,27,68,171,45,154,70.96,27,25,6124.01,7815.17,8142,2688,"Ssr","",1,0,-0.94,2.48,2.36,-2.33,852.41
"3","MGS4",423,34,107.280342,-0.297047281,10,70,0,9.55,780,260,121,142,27,69,172,45,154,70.38,27,25,3252.96,5923.26,8401.99,2688,"Ssr","",1,0,-0.71,3.5,1.01,-2.47,820.75
"4","MGS3",423,24,107.280342,-0.297047281,15,40,0,8.7,778,259,121,142,27,69,172,45,154,70,27,24.31,1636.63,3853.74,7030.29,2688,"Ssr","",1,0,-0.71,4.51,2.55,-3.22,823.15
"5","MGS2",415,26,158.983398,-0.933476547,15,15,0,7.27,772,257,120,142,27,69,172,45,154,70,27,24.06,1352.08,2261.65,5184.28,2688,"Ssr","",1,0,-0.71,5.64,2.8,-4.02,825.72
"6","MGN1",509,40,275.410125,0.094284242,15,80,0,7.58,841,282,129,142,24,64,167,45,153,72.95,24,28.22,5018.48,7221.53,8392.52,2688,"Ssr","",1,0,0.09,-2.32,4.35,-0.2,677.06
"7","MGN2",506,41,84.757019,0.091379627,10,80,0,8.67,846,284,130,143,24,63,167,46,152,73,24,29,4874.83,7046.05,8195.14,2688,"Ssr","",1,0,0.11,-2.42,5.62,-0.28,672.84
"8","MGN3",529,43,346.013092,0.97035098,20,40,0,6.88,848,285,130,143,24,63,166,46,152,73,23.38,29.12,10145.4,7703.64,3868.64,2688,"Ssr","",1,0,0.16,-1.59,5.96,-0.25,630.81
"9","MGN4",542,38,325.207336,0.821222275,20,20,0,8,845,284,130,142,24,63,167,46,152,73,24,28.89,8773.88,7871.89,5364.23,2688,"Ssr","",1,0,0.21,0.6,3.87,0.12,581.67
"10","MGN5",520,29,180.90393,-0.999875553,20,10,0,6.11,830,278,128,142,24,65,168,45,153,72,24.44,27.56,672.69,855.84,3445.77,2688,"Ssr","",1,0,0.02,3.62,1.33,0.09,640.31
"11","TBGS1",506,35,113.517211,-0.399024525,15,90,0,8.74,846,287,128,145,23,63,168,46,153,73,23,28.01,2816.11,5493.06,8220.92,2688,"Ssr","",1,0,0.24,0.27,3.07,0.07,632.66
"12","TBGS2",457,2,296.664123,0.448759507,15,60,0,8.55,805,273,123,145,25,67,172,45,154,71,25,25.14,6905.14,8098.11,7727.01,2688,"Ssr","",1,0,0.21,2.1,2.31,0.45,635.19
"13","TBGS3",503,29,223.462783,-0.725821345,15,40,0,6.7,807,274,123,145,25,67,172,45,154,71,25,25.68,1543.46,3639.64,6838.23,2688,"Ssr","",1,0,0.34,1.55,3.06,0.53,619.24
"14","TBGN1",481,47,92.563949,-0.044734418,10,90,0,7.67,840,285,128,145,23,64,169,45,153,72.22,23.31,27.69,4329.83,6771.42,8432.92,2688,"Ssr","",1,0,0.25,1.82,4.78,0.46,714.61
"15","TBGN2",481,45,95.72071,-0.099679414,15,70,0,7.9,834,283,127,145,24,64,169,45,153,72,23.69,27.31,4093.07,6608.09,8473.35,2688,"Ssr","",1,0,0.16,0.62,4.29,0.1,685.28
"16","TBGN3",503,37,113.132827,-0.392864054,15,60,0,6.28,855,290,130,145,23,62,168,46,153,73,23,28.86,2840.64,5521.09,8234.92,2688,"Ssr","",1,0,0.2,0.03,3.71,0.01,649.49
"17","TBGN4",506,32,113.517211,-0.399024525,15,20,0,8.74,846,287,128,145,23,63,168,46,153,73,23,28.01,2816.11,5493.06,8220.92,2688,"Ssr","",1,0,0.24,0.27,3.07,0.07,632.66
"18","GRIN1",464,45,249.886795,-0.343876119,10,90,0,6.29,794,262,124,140,27,68,169,45,153,71,27,26,3054.85,5732.49,8329.5,2688,"Ssr","",1,0,0.12,-0.61,5.02,-0.07,628.42
"19","GRIN2",436,45,258.616546,-0.197374247,5,85,0,9.56,782,257,122,139,27,69,170,45,154,71,27,25.46,3679.44,6302.9,8482.51,2688,"Ssr","",1,0,0.09,0.38,3.95,0.04,630.18
"20","GRIN3",430,43,348.599731,0.980270247,30,60,0,10.43,786,259,123,139,27,68,170,45,153,71,27,26,10762.99,8129.86,3943.25,2688,"Ssr","",1,0,0.16,1.02,3.45,0.17,644.6
"21","GRIN4",430,34,348.599731,0.980270247,10,70,0,10.43,786,259,123,139,27,68,170,45,153,71,27,26,10762.99,8129.86,3943.25,2688,"Ssr","",1,0,0.16,1.02,3.45,0.17,644.6
"22","CGS1",411,38,25.920322,0.899402795,10,90,0,11.47,779,253,123,136,28,69,168,45,153,71,28.27,26,9846.55,5993.59,3438.65,2688,"Ssr","",1,0,0.14,1.73,3.73,0.25,696.3
"23","CGS2",401,52,32.073566,0.847366997,25,95,0,8.51,771,250,122,136,29,70,169,45,153,70.95,29,25.38,9374.69,6634.33,4440.12,2688,"Ssr","",1,0,0.17,1.6,3.93,0.28,686.46
"24","CGS3",396,34,18.805118,0.94662047,30,70,0.91,10.57,766,248,122,136,29,70,169,45,153,70.06,29,25,10465.01,8226.71,4356.85,2688,"Ssr","",1,0,0.18,1.18,3.61,0.21,681.84
"25","CGS4",395,41,322.366973,0.791937806,20,50,0,8.73,760,245,121,136,29,71,170,45,154,70,29,25,9008.95,8299.8,5829.61,2688,"Ssr","",1,0,0.18,1.49,3.37,0.26,673.21
"26","CGS5",394,14,39.054561,0.776546327,25,15,0,8.25,760,246,121,136,29,71,170,45,154,70,29,25,8507.52,5160.52,2264.69,2688,"Ssr","",1,0,0.08,1.86,3.25,0.15,687.77
"27","CGS6",381,17,55.583869,0.565199283,15,10,0,8.4,750,242,120,136,30,72,171,45,154,70,30,24,6995.59,4396.96,1955.56,2688,"Ssr","",1,0,0.72,1.94,5.02,1.4,681.25
"28","CGS7",374,14,98.673606,-0.150805442,20,10,0,8.42,746,241,119,136,30,72,171,45,154,70,30,24,2882.16,2044.03,906.78,2688,"Ssr","",1,0,0.55,0.02,3.6,0.01,646.53
"29","CGS8",375,7,102.319702,-0.213366345,15,10,0,10.15,747,241,119,136,30,72,171,45,154,70,30,24,2606.12,1903.86,888.4,2688,"Ssr","",1,0,0.55,0.02,3.6,0.01,646.53
"30","MTA1",536,54,74.53469,0.266654893,10,40,0,8.43,919,305,141,136,23,60,158,46,150,76.06,22.94,35.11,4441.8,2366.13,1108.57,2688,"Ssr","",1,0,0.08,0.71,4.13,0.05,675.68
"31","MTA2",545,29,73.880714,0.27763804,10,80,0,8.43,913,302,140,136,23,60,159,46,150,76.03,22.97,35.03,4500.27,2397.41,1123.13,2688,"Ssr","",1,0,0.2,1.14,3.21,0.23,656
"32","MTA3",528,26,68.656532,0.363957962,5,80,0,8.18,908,301,139,136,23,60,159,46,150,76,23,34.11,4996.32,2659.23,1234.12,2688,"Ssr","",1,0,0.09,0.57,4.38,0.05,677.07
"33","MTA4",528,29,68.656532,0.363957962,10,80,0,8.18,908,301,139,136,23,60,159,46,150,76,23,34.11,4996.32,2659.23,1234.12,2688,"Ssr","",1,0,0.09,0.57,4.38,0.05,677.07
"34","GWOND1",590,3,42.168235,0.741176887,10,90,0,8.18,917,322,134,151,18,57,166,46,153,74.32,17.68,30.64,2394.71,1304.5,971.51,2688,"Ssr","",1,0,0.18,3.03,1.72,0.54,491.88
"35","GWOND2",658,16,47.348552,0.677536666,10,95,0,5.21,956,334,140,151,16,53,162,46,152,76,15.48,33.52,2859.09,1515.29,1195.37,2688,"Ssr","",1,0,0.25,3.75,1.48,0.95,479.38
"36","GWOND3",700,19,283.996337,0.241859863,20,30,0,7,956,334,140,151,16,53,162,46,152,75.93,16,33.21,542.64,761.53,4401.65,2688,"Ssr","",1,0,0.25,3.75,1.48,0.95,479.38
"37","GWOND4",685,5,77.611488,0.214539497,20,20,0,7.51,951,332,139,151,16,54,163,46,152,75,16,33,701.32,883.31,4615.28,2688,"Ssr","",1,0,0.01,4.82,2.23,0.03,541.41
"38","GMTW1",1093,8,8.65255,0.988618816,10,80,0,6.76,1288,446,187,148,4,31,138,47,144,85.53,4,58.53,3315.06,2488.58,1123.32,2688,"Ssr","",1,0,0.49,3.66,2.78,1.79,575.51
"39","GMTW2",1090,16,143.139862,-0.800102191,10,85,0,7.09,1296,449,188,148,3,31,137,47,144,86,3,59,1221.63,2966.46,6197.09,2688,"Ssr","",1,0,0.59,3.94,2.37,2.31,568.24
"40","GMTW3",1055,14,70.526107,0.333377307,10,90,0,6.51,1335,463,193,148,2,28,135,47,143,86.97,2,61,2183,1287.56,801.55,2688,"Ssr","",1,0,0.83,2.79,2.58,2.33,537.8
"41","GMTW4",975,21,104.509162,-0.250534815,15,80,0,7.5,1297,450,188,148,3,31,137,47,144,85.59,3.42,58.19,2149.21,1371.98,951.4,2688,"Ssr","",1,0,0.84,2.61,2.57,2.18,541.37
"42","GMTW5",1068,19,63.785171,0.441738062,25,10,0,7.44,1315,457,191,149,2,29,136,47,144,86,2.04,60.65,210.84,188.76,132.79,2688,"Ssr","loam ",0,1,0.52,3.27,-0.04,1.69,481.34
"43","GMTW6",1098,24,44.54528,0.712696308,20,30,0,7.37,1344,467,195,149,1,28,134,47,143,86.99,1.01,61.99,1484.1,801.93,369.17,2688,"Ssr","loam",0,1,0.39,2.97,0.66,1.16,404.42
"44","GMTW7",1097,19,60.949939,0.485573616,20,50,0,7.88,1345,467,195,149,1,28,134,47,143,87,1,62,1954.84,1137.68,1406.59,2688,"Ssr","sandy loam",1,0,0.39,2.12,1.09,0.82,364.11
"45","GMTW8",1125,20,113.062744,-0.391738929,30,10,0,6.57,1348,469,195,149,1,27,134,47,143,87,1,62,411.64,508.61,558.5,2688,"Ssr","sandy loam",1,0,0.38,1.83,0.97,0.7,357.67
"46","GBOR1",693,14,259.885192,-0.175621163,15,60,0,10.04,937,330,136,154,15,54,165,46,153,74.4,15,31,3769.8,6376.25,8488.78,3198,"Dg397","",1,0,0.11,-1.29,-0.35,-0.14,220.9
"47","GBOR2",722,32,10.889943,0.981991889,10,95,1.44,11.56,965,339,140,154,14,51,162,46,152,76,14,33,9100.04,6767.07,3323.25,2688,"Ssr","",1,0,0.11,-1.75,2.53,-0.19,349.84
"48","GBOR3",738,27,94.022277,-0.070144328,25,20,0,6.28,991,348,144,154,12,49,160,46,151,77,12,35.1,124.43,196,192.17,3198,"Dg397","",1,0,0.18,-0.84,2.61,-0.15,418.65
"49","GBOR4",706,12,56.389877,0.553538701,20,10,0,6.34,981,344,143,153,13,50,161,46,152,76,13,34.9,863.68,540.81,335.61,2688,"Ssr","",1,0,0.02,-0.11,2.72,0,477.15
"50","GGLE1",427,14,171.878189,-0.989969949,25,0,0,10.8,834,302,117,151,25,69,179,46,155,69,25,22,1315.89,1758.53,4544.33,2688,"Ssr","",1,0,0.46,2.17,3.04,0.99,788.99
"51","GGLE2",445,30,183.500656,-0.998134099,70,10,0,6.45,838,302,118,151,25,69,178,46,155,70,24.86,23,1278.31,1640.98,4396.87,2688,"Ssr","",1,0,0.44,1.93,3.48,0.85,788.62
"52","GGLE3",300,5,218.069747,-0.787260716,100,0,0,8.69,805,297,110,150,29,76,186,46,156,67,29,19,1445.16,3317,6515.09,2688,"Ssr","",1,0,-0.13,1.58,1.69,-0.21,778.05
"53","GPAD1",267,17,97.933876,-0.138030158,10,90,0,7.46,755,275,105,149,31,79,187,45,157,66,31,18,3926.05,6494.51,8486.69,2688,"Ssr","loamy sand",1,0,0,-3.1,3.35,0.01,733.79
"54","GPAD2",237,19,338.654357,0.931401559,10,85,0,10.33,746,272,104,149,31,79,188,45,157,65,31,18,10322.29,8249.43,4532.73,2688,"Ssr","sandy clay loam",0,0,-0.29,-0.58,3.11,0.17,791.24
"55","GPAD3",241,17,339.819732,0.938611884,100,0,0,8.85,750,273,105,149,31,79,188,45,157,65.09,31,18,10390.1,8240.73,4449.65,2688,"Ssr","sandy loam",1,0,-0.46,1.4,2.68,-0.65,822.75
"56","GMTHOL1",297,17,10.629888,0.982839258,15,95,0,6.99,653,230,98,158,25,74,189,44,160,62.15,24.96,16.04,821.05,2229.91,1211.29,2688,"Ssr","",1,0,-0.17,12.16,4.04,-2.08,964.64
"57","GMTHOL2",281,24,299.53424,0.492943597,10,85,0,9.79,621,218,94,158,26,76,191,44,161,61.28,26,15.28,976.64,903.26,3693.78,2688,"Ssr","",1,0,-0.11,11.41,3.61,-1.24,914.6
"58","GMTHOL3",281,26,299.53424,0.492943597,30,80,0,9.79,621,218,94,158,26,76,191,44,161,61.28,26,15.28,976.64,903.26,3693.78,2688,"Ssr","",1,0,-0.11,11.41,3.61,-1.24,914.6
"59","GMTHOL4",283,21,307.730865,0.61195318,10,30,0,6.89,607,212,92,158,27,78,192,44,162,60,27,15,1044.92,4012.7,3105.54,2688,"Ssr","",1,0,-0.3,9.59,3.31,-2.92,837.04
"60","GMTHOL5",232,7,31.980537,0.848228057,100,5,0,8.98,619,217,94,158,27,77,191,44,161,60.18,27,15,8433.85,7577.47,5031.17,2688,"Ssr","",0,0,-0.55,10.02,3.38,-5.55,813
"61","GHEN1",323,13,260.920104,-0.157811593,25,5,0,9.13,751,262,111,146,30,75,181,45,156,67,30,20,3758.07,5882.91,8221.59,2688,"Ssr","loamy sand",1,0,0.32,4.64,4.72,1.47,1083.16
"62","GHEN2",319,13,247.982925,-0.374882891,15,10,0,10.4,747,261,111,146,30,75,182,45,156,67,30,20,2860.29,5189.76,8073.05,2688,"Ssr","loamy sand",1,0,0.32,4.64,4.72,1.47,1083.16
"63","GHEN3",312,9,272.800018,0.048850084,25,5,0,10.09,745,260,110,146,30,76,182,45,156,67,30,20,4676.91,6415.19,8074.23,2688,"Ssr","loamy sand",1,0,0.54,2.87,4.65,1.55,1042.44
"64","GHEN4",304,10,270.738525,0.012889336,20,10,0,11.02,740,258,110,146,31,76,182,45,156,67,30.87,20,4484.38,6300.59,8077.08,2688,"Ssr","loamy sand",1,0,1.38,-1.29,6.55,-1.79,963.93
"65","GHEN5",316,8,218.325042,-0.784505412,100,5,0,10.15,752,265,110,146,30,76,183,45,156,67,30,20,1449,3332.56,6531.37,2688,"Ssr","loamy sand",1,0,-0.32,5.14,5.02,-1.65,1015.91
"66","GHEN6",327,7,210.261062,-0.863738226,100,5,0,9.5,756,266,111,146,30,75,182,45,156,67,30,20,1402.43,2846.15,5944.55,2688,"Ssr","loamy sand",1,0,-0.12,-0.99,4.91,0.12,1073.58
"67","GHEN7",312,5,223.921188,-0.720294642,100,0,0,10.05,748,263,110,146,30,76,183,45,156,67,30.03,20,1554.77,3676.36,6863.26,2688,"Ssr","loamy sand",1,0,-0.32,5.14,5.02,-1.65,1015.91
"68","GHEN8",300,3,228.826889,-0.658336278,100,0,0,7.25,747,263,109,146,31,77,183,45,156,67,31,20,1760.41,4071.21,7230.79,2688,"Ssr","loamy sand",1,0,-0.31,8.91,4.45,-2.76,995.04
"69","GHAM1",633,24,199.107589,-0.944905563,10,95,0,6.48,904,312,134,148,20,59,166,46,152,74,20,31,1178.41,1866.64,4700.71,2688,"Ssr","",1,0,-1.25,2.08,3.6,-2.61,1105.01
"70","GHAM2",607,45,237.035812,-0.544114728,15,85,0,6.95,890,308,132,148,21,60,167,46,152,74,20.73,30,1880.3,3810.6,7255.84,2688,"Ssr","",1,0,-0.49,3.56,4.42,-1.75,1037.08
"71","GHAM3",583,45,238.388717,-0.524153623,15,90,0,7.74,880,304,131,148,21,61,168,46,153,73,21,29,1946.38,3879.88,7314.07,2688,"Ssr","",1,0,-0.49,3.56,4.42,-1.75,1037.08
"72","GHAM4",536,40,249.742858,-0.346234001,10,90,0,8.35,864,299,128,148,22,62,169,46,153,72,22.09,27.83,3002.08,5231.4,7956.2,2688,"Ssr","",1,0,-0.52,3.32,7.82,-1.72,1120.94
"73","GHAM5",507,43,323.812591,0.807090081,15,80,0,9.87,850,295,126,147,23,64,171,46,153,71.96,23.04,26.54,9083.51,7711.22,5261.96,2688,"Ssr","",1,0,-0.32,0.06,7.21,-0.02,1126.43
"74","GHAM6",482,40,345.599823,0.968582393,15,70,0,9.13,833,289,123,147,24,66,173,46,154,71,24,25.24,10622.16,7750.39,3741.53,2688,"Ssr","",1,0,0.53,-1.23,8.04,-0.66,1087.96
"75","GHAM7",421,35,294.800811,0.419464932,10,60,0,6.41,801,280,118,147,27,70,177,45,155,69,27,23,6681.62,7366.72,7260.17,2688,"Ssr","",1,0,-0.12,-0.67,4.96,0.08,991.2
"76","GHAM8",377,27,297.681274,0.464552647,20,50,0,6.66,784,275,115,147,28,72,179,45,155,68.11,28,21.11,6922.16,7429.79,7098.22,2688,"Ssr","sandy loam",1,0,-0.56,1.38,2.23,-0.77,995.99
"77","GMOR1",251,4,339.348236,0.935741282,100,0,1.68,10.42,764,279,106,149,31,79,187,46,156,66,31,18,10364.01,8246.1,4485.05,2688,"Ssr","loamy sand",1,0,0.02,-0.43,2.88,-0.01,838.89
"78","GMOR2",249,2,348.63977,0.980408136,100,0,2.84,14.75,762,278,106,149,31,79,187,46,156,66,31,18,10768.69,8137.83,3950.56,3417,"Qrcp","loamy sand",1,0,-0.19,-2.44,2.1,0.45,833.32
"79","GMOR3",249,2,359.178527,0.999897221,100,0,3.8,15.52,762,278,106,149,31,79,188,46,156,66,31,18,10883.29,8010.12,3621.2,3417,"Qrcp","loamy sand",1,0,-0.35,-2.15,0.58,0.76,803.68
"80","GMOR4",248,2,346.131591,0.970848788,100,0,3.95,12.42,761,278,106,149,31,79,188,46,156,66,31,18,10689.72,8178.8,4080.84,3417,"Qrcp","loamy sand",1,0,-0.55,-1.75,1.64,0.96,788.63
"81","GMOR5",248,1,337.548522,0.924203284,100,0,3.98,12.83,761,278,105,149,31,79,188,46,156,66,31,18,10259.81,8268.88,4620.77,3417,"Qrcp","sandy loam",1,0,-0.77,0.32,1.08,-0.25,782.96
"82","GMOR6",247,1,342.460388,0.953508827,100,0,3.98,13.11,760,278,105,149,31,79,188,46,156,66,31,18,10535.03,8220.93,4292.46,3417,"Qrcp","sandy clay loam",0,0,-0.38,4.92,1.36,-1.86,856.17
"83","GMOR7",247,1,341.849243,0.950240138,100,0,3.97,13.31,760,278,105,149,31,79,188,45,157,66,31,18,10504.89,8229.53,4327.29,3417,"Qrcp","sandy clay loam",0,0,-0.15,5.36,0.84,-0.78,884.89
"84","GMOR8R",247,1,336.596405,0.917729705,100,0,3.98,13.37,759,278,105,149,31,79,188,45,157,66,31,18,10198.14,8281.32,4692.43,3417,"Qrcp","sandy loam",1,0,0.05,5.57,1.14,0.28,904.91
"85","GMOR9",246,1,323.375732,0.802564868,100,0,3.99,12.79,759,277,105,149,31,79,188,45,157,66,31,18,9105.58,8313.75,5765.18,3417,"Qrcp","sandy loam",1,0,0.19,4.15,1.6,0.79,893.24
"86","GMOR10",246,1,337.376556,0.923052896,100,0,3.99,12.83,759,277,105,149,31,79,188,45,157,66,31,18,10249.67,8272.63,4634.17,3417,"Qrcp","sandy loam",1,0,0.13,2.49,1.93,0.33,856.62
"87","GNLS1",243,3,202.757186,-0.922152463,100,0,2.74,9.79,754,274,106,148,32,79,187,45,156,66,31.59,18,1389.36,2326.92,5217.03,3417,"Qrcp","sandy clay loam",0,0,-0.1,1.79,6.04,-0.17,697.99
"88","GNLS2",240,3,223.729888,-0.722606653,100,0,2.68,10.81,752,273,105,148,32,80,188,45,156,66,32,18,1503.21,3415.69,6386.97,3417,"Qrcp","sandy clay loam",0,0,0.26,0.72,5.13,0.19,629.37
"89","GNLS3",240,2,213.173324,-0.837019159,100,0,2.74,12.6,752,273,105,148,32,80,188,45,156,66,32,18,1403.89,3017.48,6173.97,3417,"Qrcp","sandy clay loam",0,0,0.22,1.99,4.69,0.43,648.81
"90","GNLS4",240,3,224.976837,-0.707392586,100,0,2.71,10.3,751,273,105,148,32,80,188,45,157,66,32,18,1532.52,3487.93,6441.72,3417,"Qrcp","sandy clay loam",0,0,0.26,0.72,5.13,0.19,629.37
"91","GNLS5",237,2,221.692764,-0.74672219,100,0,2.95,12.61,749,272,105,148,32,80,188,45,157,66,32,18,1499.69,3535.38,6741.26,3417,"Qrcp","sandy clay loam",0,0,-0.55,2.02,1.77,-1.1,659.79
"92","GNLS6",236,3,210.96701,-0.857463709,100,0,2.94,13.87,748,271,105,148,32,80,188,45,157,65,32,18,1400.4,2888.92,6002.79,3417,"Qrcp","sandy clay loam",0,0,-0.5,2.63,1.9,-1.33,683.77
"93","GNLS7",236,4,203.205062,-0.919100531,100,0,2.89,14.37,747,271,105,148,32,80,188,45,157,65,32,18,1415.61,2453.92,5424.59,3417,"Qrcp","sandy clay loam",0,0,-0.35,1.56,3.15,-0.54,699.69
"94","GNLS8",237,6,181.508087,-0.99965362,100,0,1.56,10.08,748,272,105,148,32,80,188,45,157,65,32,18,1321.65,1681.48,4448.79,3417,"Qrcp","sandy clay loam",0,0,-0.21,-0.62,4.58,0.13,692.85
"95","GVVG1",220,0,138.766433,-0.752028883,100,0,5.99,12.7,716,255,103,146,33,81,187,45,157,65,33,18,1511.18,3544.07,6783.72,3857,"Czss","sandy loam",1,0,0.26,0.32,4.98,0.08,563.93
"96","GVVG2",220,0,229.754943,-0.646058132,100,0,5.99,12.5,715,254,103,146,33,81,187,45,157,65,33,18,1820.02,4171.3,7344.87,3857,"Czss","sandy loam",1,0,0.25,1.56,5.49,0.39,611.25
"97","VVG3",220,0,241.401657,-0.478666466,100,0,5.99,13.26,715,254,103,146,33,81,187,45,157,65,33,18,2492.28,5118.25,8032.71,3857,"Czss","sandy loam",1,0,0.08,3.31,5,0.26,647.79
"98","VVG4",220,0,252.71791,-0.297076412,100,0,5.99,13.54,714,254,103,146,33,81,187,45,157,65,33,18,3260.15,5944.45,8431.78,3857,"Czss","sandy loam",1,0,0.05,4.76,3.03,0.25,727.45
"99","GVV5",220,1,255.331451,-0.25322695,100,0,5.99,13.15,713,253,103,146,33,81,187,45,157,65,33,18,3441.88,6107.38,8459.63,3857,"Czss","sandy clay loam",0,0,0.05,4.8,3.58,0.26,779.04
"100","GVVG6",219,0,239.494537,-0.507620515,100,0,5.99,14.08,713,253,103,146,33,81,188,45,157,65,33,18,2360.92,4960.06,7926.36,3857,"Czss","silty clay loam",0,1,-0.04,4.79,3.7,-0.2,803.5
"101","GVVG7",219,0,261.042938,-0.155694238,100,0,5.99,12.16,713,253,103,146,33,81,188,45,157,65,33,18,3861.39,6462.05,8418.38,3857,"Czss","silty clay loam",0,1,0.09,5.86,4.19,0.51,807.26
"102","GHOR1",239,2,204.996292,-0.906335136,100,0,3.53,16.12,735,263,106,147,32,80,187,45,157,66,32,18,1415.06,2552.76,5557.88,3417,"Qrcp","loamy sand",1,0,-0.7,3.42,2.18,-2.41,847.83
"103","GHOR2",238,2,208.786712,-0.876418384,100,0,3.55,13.81,735,263,105,147,32,80,187,45,157,66,32,18,1407.89,2759.5,5834.07,3417,"Qrcp","loamy sand",1,0,-0.43,4.38,1.88,-1.9,841.16
"104","GHOR3",238,2,208.786712,-0.876418384,100,0,3.55,13.81,735,263,105,147,32,80,187,45,157,66,32,18,1407.89,2759.5,5834.07,3417,"Qrcp","loamy sand",1,0,-0.43,4.38,1.88,-1.9,841.16
"105","GHOR4",237,2,215.561569,-0.813491036,100,0,3.52,12.31,734,262,105,147,32,80,187,45,157,65,32,18,1400.58,3013.32,6229.56,3417,"Qrcp","loamy sand",1,0,-0.18,2.59,3.64,-0.45,940.53
"106","GHOR5",239,2,238.048477,-0.529201555,100,0,3.53,19.99,735,263,106,147,32,80,187,45,157,66,32,18,2243.61,4459.2,7530.72,3417,"Qrcp","loamy sand",1,0,-0.55,2.87,4.57,-1.58,927.85
"107","GHOR6",239,1,290.148132,0.344448471,100,0,3.53,14.13,735,263,106,147,32,80,187,45,157,66,32,18,6287.91,7234.33,7492.76,3417,"Qrcp","loamy sand",1,0,-0.55,2.87,4.57,-1.58,927.85
"108","GHOR7",239,2,300.145019,0.502190358,100,0,3.52,15.36,735,263,106,147,32,80,187,45,157,66,32,18,7127.33,7483.95,6959.56,3417,"Qrcp","loamy sand",1,0,-0.47,3.38,4.4,-1.58,926.43
"109","GHOR8",240,1,296.539978,0.446822143,100,0,3.49,10.78,735,263,106,147,32,80,187,45,157,66,32,18,6834.61,7415.41,7174.06,3417,"Qrcp","loamy sand",1,0,-0.33,2.72,4.32,-0.9,912.66
"110","GHOR9",239,2,268.623229,-0.024026875,100,0,3.48,13.95,735,263,106,147,32,80,187,45,157,66,32,18,4359.98,6214.41,7915.94,3417,"Qrcp","loamy sand",1,0,-0.32,1.88,6.09,-0.61,932.64
"111","GHOR10",240,2,245.340927,-0.41721801,100,0,3.43,13.18,736,263,106,147,32,80,187,45,157,66,32,18,2702.88,4959.09,7810.44,3417,"Qrcp","loamy sand",1,0,-0.41,0.74,5.64,-0.3,915.82
"112","GHOR11",240,2,267.266265,-0.047694576,100,0,3.41,14.01,736,263,106,147,32,80,187,45,157,66,32,18,4264.21,6156.51,7945.33,3417,"Qrcp","loamy sand",1,0,-0.54,2.97,5.78,-1.6,900.92
"113","GHOR12",241,2,266.750122,-0.056690662,100,0,2.91,13.75,736,263,106,147,32,80,187,45,157,66,32,18,4227.16,6133.6,7955.37,3417,"Qrcp","loamy sand",1,0,-0.85,5.96,4.21,-5.06,862.42
"114","GMNT1",370,4,275.87149,0.102297567,100,0,0.61,11.43,751,257,114,145,28,72,178,45,155,68,28,22,5060.47,7248.33,8392,3921,"Qrcp","sandy loam",1,0,-1.18,2.8,3.16,-3.31,778.42
"115","GMNT2",372,4,275.374481,0.09366489,100,0,0,11.26,752,257,115,145,28,72,178,45,155,68,28,22,5016.21,7221.07,8394.87,3921,"Qrcp","sandy loam",1,0,-0.98,4.71,2.88,-4.61,810.9
"116","GMNT3",373,3,251.407379,-0.318837246,100,0,0,9.19,752,257,115,145,28,72,178,45,155,68,28,22,3161.26,5834.35,8372.45,3921,"Qrcp","sandy loam",1,0,-0.77,6.28,3.79,-4.82,845.35
"117","GMNT4",374,4,252.223159,-0.305310429,100,0,1.6,18.01,753,257,115,145,28,72,178,45,155,68,28,22,3216.84,5889.41,8391.25,3921,"Qrcp","sandy loam",1,0,-0.48,7.46,4.29,-3.6,849.43
"118","GMNT5",376,6,290.135406,0.344239943,100,0,0.56,8.45,753,257,115,145,28,72,178,45,155,68,28,22,6344.6,7909.68,8047.63,3921,"Qrcp","sandy loam",1,0,-0.5,7.02,4.29,-3.48,843.97
"119","GMNT6",380,6,299.814239,0.497189601,100,0,0,9.08,755,258,115,145,28,72,177,45,155,68,28,22,7156.45,8150.23,7532.99,3921,"Qrcp","sandy loam",1,0,-0.48,6.58,3.6,-3.19,823.95
"120","GMNT7",381,4,273.066925,0.053502381,100,0,0,11.34,756,258,115,145,28,72,177,45,155,68.56,28,22,4805.37,7086.64,8398.81,3921,"Qrcp","sandy loam",1,0,-0.58,4.61,3.02,-2.69,790.17
"121","GMNT8",383,4,266.53421,-0.060452565,100,0,0,10.97,756,258,115,145,28,72,177,45,155,69,28,22,4263.51,6728.25,8453.1,3921,"Qrcp","sandy loam",1,0,-0.55,3.52,2.84,-1.95,799.9
"122","GMNT9",385,5,268.838806,-0.020265271,100,0,0,10.48,757,258,116,145,28,71,177,45,155,69,28,22,4427.48,6838.62,8413.33,3921,"Qrcp","sandy loam",1,0,-0.53,1.58,3.15,-0.84,781.16
"123","GMNT10",387,5,271.476318,0.025763759,100,0,0,10.22,757,258,116,145,28,71,177,45,155,69,28,22,4655.32,6987,8394.41,3921,"Qrcp","sandy loam",1,0,-0.37,0.76,3.84,-0.28,776.06
"124","GMT11",388,5,260.284332,-0.168758922,100,0,0,9.92,758,259,116,145,28,71,177,45,155,69,28,22,3798.15,6399.23,8490.7,2688,"Ssr","sandy loam",1,0,-0.37,0.76,3.84,-0.28,776.06
"125","GMNT12",389,5,239.464965,-0.508065134,100,0,0,9.15,758,259,116,145,28,71,177,45,155,69,28,22,2355.52,4949.92,7911.74,2688,"Ssr","sandy clay loam",0,0,0.23,2.17,3.76,0.51,804.58
"126","GMNT13",390,2,204.285064,-0.91151052,100,0,0,10.05,759,259,116,145,28,71,177,45,155,69,28,22,1415.34,2513.61,5504.01,2688,"Ssr","sandy clay loam",0,0,0.54,4.44,3.6,2.4,804.29
"127","GMNT14",390,6,312.890319,0.680597085,100,0,0,8.09,759,259,116,145,28,71,177,45,155,69,28,22,8183.12,8233.53,6537.06,2688,"Ssr","silty clay loam",0,1,0.59,6.46,3.46,3.78,805.24
"128","GMNT15",401,38,305.582519,0.581874865,100,0,0,8.63,764,260,117,145,27,71,176,45,155,69,27.57,22.97,7619.39,8224.95,7137.89,2688,"Ssr","silty clay loam",0,1,0.54,7.17,3.18,3.85,799.25
"129","GMNT16",365,7,288.588378,0.318767055,100,0,0.56,12.21,748,256,114,145,29,73,178,45,155,68,29,22,6210.64,7850.57,8109.27,3921,"Qrcp","silty clay loam",0,1,-0.88,2.44,4.77,-2.15,760.87
"130","GMNT17",363,6,292.411956,0.381263295,100,0,0.57,9.91,748,255,114,145,29,73,178,45,156,68,29,21.01,6533.1,7985.85,7945.87,3921,"Qrcp","silty clay loam",0,1,-0.81,0.9,5.94,-0.73,746.06
"131","GMNT18",361,2,247.132247,-0.38860543,100,0,1.88,10.28,747,255,114,145,29,73,178,45,156,68,29,21,2859.03,5542.16,8243.96,2688,"Ssr","silty clay loam",0,1,-0.81,0.9,5.94,-0.73,746.06
"132","GMNT19",361,2,247.132247,-0.38860543,100,0,1.88,10.28,747,255,114,145,29,73,178,45,156,68,29,21,2859.03,5542.16,8243.96,2688,"Ssr","sandy clay loam",0,0,-0.81,0.9,5.94,-0.73,746.06
"133","GMNT20",361,7,182.32312,-0.99917812,100,0,1.86,11.32,748,256,114,145,29,73,178,45,155,68,29,21,1328.66,1691.02,4462.2,2688,"Ssr","sandy clay loam",0,0,-0.34,-3.3,6.56,1.12,753.91
"134","GMNT21",366,10,154.284408,-0.900958976,100,0,0.54,10.91,751,257,114,145,28,72,178,45,155,68,28.3,22,1413.24,2589.47,5604.04,2688,"Ssr","sandy loam",1,0,-0.34,-3.3,6.56,1.12,753.91
"135","GMNT22",366,10,154.284408,-0.900958976,100,0,0.54,10.91,751,257,114,145,28,72,178,45,155,68,28.3,22,1413.24,2589.47,5604.04,2688,"Ssr","sandy loam",1,0,-0.34,-3.3,6.56,1.12,753.91
"136","GRUB1",285,3,26.488758,0.895021893,100,0,2.8,9.58,785,286,110,149,30,77,186,46,156,67,30,19,9972.7,8295.06,4923.08,2688,"Ssr","silty clay loam",0,1,-0.12,3.21,4.6,-0.38,842.19
"137","GRUB2",286,3,17.251279,0.955013325,100,0,2.87,11.78,785,286,110,149,30,77,186,46,156,67,30,19.91,10543.73,8207.58,4267.26,2688,"Ssr","silty clay loam",0,1,-0.31,5.12,3.39,-1.57,842.16
"138","GRUB3",288,4,358.470611,0.999643766,100,0,2.79,11.62,785,286,110,149,30,77,186,46,156,67,30,20,10882.33,8007.6,3621.27,2688,"Ssr","silty clay loam",0,1,-0.31,5.12,3.39,-1.57,842.16
"139","GRUB4",288,4,358.470611,0.999643766,100,0,2.79,11.62,785,286,110,149,30,77,186,46,156,67,30,20,10882.33,8007.6,3621.27,2688,"Ssr","silty clay loam",0,1,-0.31,5.12,3.39,-1.57,842.16
"140","GRUB5",288,4,358.470611,0.999643766,100,0,2.79,11.62,785,286,110,149,30,77,186,46,156,67,30,20,10882.33,8007.6,3621.27,2688,"Ssr","sandy clay loam",0,0,-0.31,5.12,3.39,-1.57,842.16
"141","GGOR1",228,8,76.200698,0.238521627,10,90,0,14.05,630,223,94,157,28,78,192,44,161,60.9,28,15,2140.86,1565.96,4756.23,2688,"Ssr","loamy sand",1,0,-0.09,1.28,3.18,-0.11,675.13
"142","GGOR2",229,34,1.59347,0.999613291,10,85,0,6.95,620,219,93,157,28,79,193,44,161,60.82,28,15,5148.32,3667.4,1660.92,2688,"Ssr","loamy sand",1,0,-0.05,1.25,3.11,-0.06,675.36
"143","GGOR3",223,19,98.499992,-0.147809273,20,80,0,8.51,610,215,92,157,29,79,194,44,161,60,28.94,15,1079.62,1048.94,3722.37,2688,"Ssr","loamy sand",1,0,-0.06,1.17,3.03,-0.07,670.06
"144","GGOR4",218,7,54.149986,0.585665437,15,75,1.95,10.44,602,212,91,157,29,80,194,44,162,59.23,29,15,1903.48,2564.73,4429.79,2688,"Ssr","loamy sand",1,0,-0.06,1.15,2.92,-0.07,663.2
"145","GGOR5",214,8,355.449951,0.996848418,20,65,0.87,9.66,598,210,91,157,29,80,194,44,162,59,29,14.43,6808.33,5569.14,2595,2688,"Ssr","loamy sand",1,0,-0.04,1.47,2.91,-0.06,650.86
"146","GGOR6",210,9,345.354919,0.96751054,20,80,0,8.59,596,209,90,157,29,80,195,44,162,59,29,14,7234.22,6115.8,3196.98,2688,"Ssr","loamy sand",1,0,0.03,2.2,2.98,0.07,651.05
"147","GGOR7",210,9,345.354919,0.96751054,100,0,0,8.59,596,209,90,157,29,80,195,44,162,59,29,14,7234.22,6115.8,3196.98,2688,"Ssr","loamy sand",1,0,0.03,2.2,2.98,0.07,651.05
"148","GROC1",299,44,29.499303,0.870361686,25,90,0,8.24,745,271,106,155,27,74,187,45,158,65.42,27,18,2015.51,1115.68,589.98,2688,"Ssr","loamy sand",1,0,0.31,-0.84,-1.94,-0.26,408.6
"149","GROC2",291,45,14.72691,0.967148464,15,80,0,8.69,743,270,105,155,27,75,187,45,158,65,27.47,18,3285.47,2064.41,955.36,2688,"Ssr","sandy loam",1,0,0.22,-0.51,-1.75,-0.11,417.46
"150","GROC3",279,24,42.515838,0.737090558,5,90,0,7.35,731,266,104,155,28,76,189,45,158,65,27.84,17.72,1709.08,978.6,1507.82,2688,"Ssr","sandy loam",1,0,0.22,-0.51,-1.75,-0.11,417.46
"151","GROC4",272,19,38.916961,0.778057221,5,95,0,7.57,726,265,103,155,28,76,189,45,158,65,28,17.65,1248.52,680.66,575.49,2688,"Ssr","sandy loam",1,0,0.18,-0.04,-0.7,-0.01,446
"152","GROC5",270,13,52.292346,0.611632732,15,80,0,10.64,719,262,102,155,28,77,190,45,158,64.66,28,17,558.48,353.65,210.07,2688,"Ssr","loamy sand",1,0,0.11,0.04,-0.22,0,442.25
"153","GENH1",270,13,52.292346,0.611632732,100,0,0,10.64,719,262,102,155,28,77,190,45,158,64.66,28,17,558.48,353.65,210.07,2688,"Ssr","loamy sand",1,0,0.11,0.04,-0.22,0,442.25
"154","GENH2",267,7,257.172637,-0.222014179,100,0,0,8.51,770,280,108,148,31,78,186,46,156,66,31,19,3574.9,6216.59,8471.68,3417,"Qrcp","loamy sand",1,0,0.08,4.25,2.75,0.32,783.59
"155","GENH3",265,7,258.012603,-0.207696529,100,0,0.57,9.93,769,279,107,148,31,78,186,46,156,66,31,19,3636.22,6267.69,8479.23,3417,"Qrcp","loamy sand",1,0,0.3,2.17,3.6,0.64,772.33
"156","GENH4",262,5,254.425933,-0.26848385,100,0,0.58,9.74,767,279,107,148,31,78,186,46,156,66,31,19,3369.3,6040.57,8434.79,3417,"Qrcp","loamy sand",1,0,-0.17,1.21,4.11,-0.2,799.93
"157","GENH5",262,5,254.425933,-0.26848385,100,0,0.58,9.74,767,279,107,148,31,78,186,46,156,66,31,19,3369.3,6040.57,8434.79,3417,"Qrcp","loamy sand",1,0,-0.17,1.21,4.11,-0.2,799.93
"158","GENH6",258,6,244.503326,-0.430458701,100,0,0,8.75,764,277,107,148,31,79,187,46,156,66,31,18,2686.68,5345.61,8139.76,3417,"Qrcp","loamy sand",1,0,-0.71,2.1,3.73,-1.49,779.24
"159","GENH7",252,6,244.729721,-0.426888832,100,0,0,9.84,760,276,106,148,31,79,187,45,156,66,31,18,2701.2,5362.92,8149.3,3417,"Qrcp","loamy sand",1,0,-1.83,-1.48,4.64,2.71,850.48
"160","GENH8",249,6,225.106887,-0.705786423,100,0,0,8.75,756,274,106,148,31,79,187,45,156,66,31.31,18,1585.69,3755.18,6933.83,3417,"Qrcp","loamy sand",1,0,-1.38,-5.18,6.56,7.15,852.04
"161","GENH9",243,8,203.872711,-0.914446814,100,0,0,10.66,752,273,105,148,32,80,187,45,156,66,32,18,1415.11,2490.18,5471.12,3417,"Qrcp","loamy sand",1,0,-1.04,-4.41,6.77,4.59,812.64
"162","GENH10",239,4,204.392074,-0.910740799,100,0,1.78,13.34,749,272,105,148,32,80,188,45,157,66,32,18,1414.89,2518.73,5510.35,3417,"Qrcp","loamy sand",1,0,-0.54,-0.4,5.09,0.22,701.08
"163","GENH11",238,3,208.827178,-0.876078064,100,0,1.83,13.52,748,271,105,148,32,80,188,45,157,66,32,18,1407.11,2760.52,5834.39,3417,"Qrcp","loamy sand",1,0,-0.62,0.85,3.93,-0.52,677.34
"164","GENH12",236,3,258.117584,-0.205903873,100,0,2.43,11.92,747,271,105,148,32,80,188,45,157,66,32,18,3644.37,6274.99,8481.51,3417,"Qrcp","loamy sand",1,0,-0.47,0.63,2.44,-0.3,683.29
"165","GLEN1",217,0,232.232772,-0.612455001,100,0,5.99,16.75,718,257,103,147,33,81,188,45,157,65,33,17,1940.75,4369.75,7496.79,3292,"Qa","loamy sand",1,0,-0.28,4.81,5.15,-1.33,932.13
"166","GLEN2",217,0,238.274826,-0.525845421,100,0,5.99,13.49,718,257,103,147,33,81,188,45,157,65,33,17,2292.22,4868.5,7866.69,3292,"Qa","loamy sand",1,0,-0.36,4.08,3.88,-1.46,896.14
"167","GLEN3",217,0,246.249069,-0.402761563,100,0,5.99,14.73,719,258,103,147,33,81,188,45,157,65,33,17,2802.24,5486.84,8226.16,3292,"Qa","loamy sand",1,0,-0.62,2.17,3.22,-1.34,896.31
"168","GLEN4",217,1,250.472763,-0.33425493,100,0,5.98,14.35,719,258,103,147,33,81,188,45,157,65,33,17,3100.64,5780.66,8360.41,3292,"Qa","loamy sand",1,0,-1.25,5.76,1.36,-7.2,884.36
"169","GLEN5",218,1,249.383621,-0.352109223,100,0,5.98,14.09,720,258,103,147,32,81,188,45,157,65,32,17,3023.72,5706.39,8327.77,3292,"Qa","loamy sand",1,0,-1.15,8.23,0.72,-9.43,893.75
"170","GLEN6",218,1,249.383621,-0.352109223,100,0,5.98,14.09,720,258,103,147,32,81,188,45,157,65,32,17,3023.72,5706.39,8327.77,3292,"Qa","loamy sand",1,0,-1.15,8.23,0.72,-9.43,893.75
"171","GHUM1",336,35,40.359596,0.761995161,10,80,0,6.35,763,265,112,145,29,74,180,45,155,68,29,20.66,8766.13,8275.96,6028.68,4060,"Dg401","sandy loam",1,0,1.13,17.86,7.32,20.11,1567.2
"172","GHUM2",316,31,356.028594,0.997598739,5,95,0,9.63,757,263,111,145,29,75,180,45,156,67,29.3,20,10881.86,8038.46,3679.1,4060,"Dg401","sandy loam",1,0,0.91,15.6,7.2,14.13,1536.85
"173","GHUM3",316,31,356.028594,0.997598739,10,80,0,9.63,757,263,111,145,29,75,180,45,156,67,29.3,20,10881.86,8038.46,3679.1,4060,"Dg401","sandy loam",1,0,0.91,15.6,7.2,14.13,1536.85
"174","GHUM4",299,27,346.911315,0.974020708,10,80,0,7.43,746,260,110,145,30,76,181,45,156,67,30,20,10710.72,8156.54,4028.46,4060,"Dg401","sandy loam",1,0,1.05,11.55,7.36,12.08,1417.63
"175","GHUM5",294,28,345.626831,0.968699514,15,70,0,9.65,743,258,109,145,30,76,182,45,156,67,30,19.95,10664.66,8173.84,4094.4,4060,"Dg401","sandy loam",1,0,1.1,11.9,7.46,13.15,1408.26
"176","GHUM6",294,28,345.626831,0.968699514,70,40,0,9.65,743,258,109,145,30,76,182,45,156,67,30,19.95,10664.66,8173.84,4094.4,4060,"Dg401","sandy loam",1,0,1.1,11.9,7.46,13.15,1408.26
"177","GHUM7",294,28,345.626831,0.968699514,25,20,0,9.65,743,258,109,145,30,76,182,45,156,67,30,19.95,10664.66,8173.84,4094.4,4060,"Dg401","sandy clay",0,0,1.1,11.9,7.46,13.15,1408.26
"178","GHUM8",274,27,333.704589,0.896521914,20,40,0,7.71,724,252,107,145,31,78,183,45,156,66,31,19,9985.54,8291.43,4901.73,4060,"Dg401","sandy clay",0,0,1.12,8.7,7.23,9.73,1276.93
"179","GHUM9",264,18,325.666809,0.82577171,70,10,0,9.88,718,250,106,145,32,78,184,45,156,66,31.97,19,9306.32,8305.45,5573.73,4060,"Dg401","sandy clay",0,0,1.11,6.27,7.48,6.93,1233.98
"180","GHUM10",255,14,321.391632,0.781429347,25,0,0,9.53,712,247,105,145,32,79,184,45,157,65,32,18,8925,8293.48,5901.38,4060,"Dg401","sandy loam",1,0,0.94,4.89,6.42,4.6,1036.13
"181","GHUM11",246,7,322.879241,0.797365326,100,20,0.71,10.69,706,245,105,144,32,79,185,45,157,65,32,18,9052.52,8302.55,5791.7,4060,"Dg401","sandy loam",1,0,0.94,5.32,4.94,4.98,1006.84
"182","GHUM12",246,7,322.879241,0.797365326,100,0,0.71,10.69,706,245,105,144,32,79,185,45,157,65,32,18,9052.52,8302.55,5791.7,4060,"Dg401","sandy loam",1,0,0.94,5.32,4.94,4.98,1006.84
"183","GHUM13",242,2,313.231201,0.684943972,100,30,2.94,13.01,705,245,104,144,32,79,185,45,157,65,32,18,8213.14,8237.03,6512.06,3292,"Qa","sandy loam",1,0,0.27,6.44,3.47,1.72,980.44
"184","GLSB1",236,3,213.235137,-0.83642836,100,0,2.63,10.93,746,271,105,148,32,80,188,45,157,65,32,18,1366.39,2841.45,5848.24,3417,"Qrcp","loamy sand",1,0,-0.13,0.92,0.7,-0.12,812.15
"185","GLSB2",238,2,219.177108,-0.775196948,100,0,2.78,11.23,748,272,105,148,32,80,188,45,157,65,32,18,1419.21,3166.22,6179.16,3417,"Qrcp","sandy clay loam",0,0,0.04,0.64,-0.84,0.03,762.23
"186","GLSB3",237,3,228.520584,-0.662350937,100,0,1.52,10.09,747,271,105,148,32,80,188,45,157,65,32,18,1693.49,3767.8,6683.03,3417,"Qrcp","sandy clay loam",0,0,0.28,1.64,1.89,0.45,943.52
"187","GLSB4",236,3,227.681747,-0.673248107,100,0,1.56,10.81,746,271,105,148,32,80,188,45,157,65,32,18,1649.89,3702.65,6627.97,3417,"Qrcp","sandy clay loam",0,0,0.24,1.85,2.29,0.44,926.7
"188","GLSB5",236,2,235.59967,-0.564971756,100,0,2.44,11.94,747,271,105,148,32,80,188,45,157,65,32,18,2073.85,4324.84,7090.72,3417,"Qrcp","sandy clay loam",0,0,-0.3,2.25,2.97,-0.67,875.98
"189","GGCR1",244,5,242.555999,-0.460881458,100,0,0,8.91,709,247,105,145,32,80,185,45,157,65,32,18,2560.34,5193.77,8059.14,4021,"Dg399","sandy clay",0,0,1.31,7.62,4.73,9.99,969.15
"190","GGCR2",247,5,248.813018,-0.36141273,100,0,0.6,10.24,710,248,105,145,32,79,185,45,157,65,32,18,2979.4,5659.97,8298.63,4021,"Dg399","sandy clay loam",0,0,0.95,7.92,4.7,7.51,991.62
"191","GGCR3",250,5,250.186004,-0.338967745,100,0,0,9.58,713,249,105,145,32,79,185,45,157,65,32,18,3076.3,5753.48,8339.43,4021,"Dg399","sandy clay loam",0,0,0.3,8.09,4.89,2.45,1065.59
"192","GGCR4",256,15,276.471343,0.112706256,100,0,0,8.45,715,250,105,145,32,79,185,45,157,65,32,18,5112.78,7281.68,8386.29,4021,"Dg399","loamy sand",1,0,0.07,7.82,5.12,0.53,1069.14
"193","GGCR5",252,13,279.005584,0.156530724,100,0,0,8.75,715,250,105,145,32,79,185,45,157,65,32,18,5348.04,7427.91,8359.07,4021,"Dg399","loamy sand",1,0,-0.2,7.54,5.53,-1.5,1142.32
"194","GGCR6",255,16,271.566894,0.027344051,100,0,0,9.26,715,250,105,145,32,79,185,45,157,65,32,18,4663.48,6992.02,8393.58,4021,"Dg399","loamy sand",1,0,-0.69,6.51,6.12,-4.46,1203.61
"195","GGCR7",248,5,262.552398,-0.129619444,100,0,0.83,10.09,713,249,105,145,32,79,185,45,157,65,32,18,3963.68,6520.32,8488.53,4021,"Dg399","sandy clay loam",0,0,-0.77,8.29,6.61,-6.39,1263.39
"196","GGCR8",250,7,270.015563,0.000271626,100,0,0,10.92,714,249,105,145,32,79,185,45,157,65,32,18,4514.35,6890.75,8387.76,4021,"Dg399","sandy clay loam",0,0,-0.41,10.68,6.9,-4.35,1286.03
"197","GLBD1",283,6,122.612144,-0.538949333,100,0,1.44,10.87,772,279,109,149,30,77,186,46,156,67,30.02,19,2236.5,4787.57,7797.04,3604,"water","sandy clay loam",0,0,-2.27,1.1,2.48,-2.5,633.75
"198","GLBD2",288,9,125.612655,-0.582302547,100,0,0.5,8.35,775,280,109,149,30,77,185,46,156,67,30,19.51,2053.43,4541.93,7618.2,2688,"Ssr","silt loam",0,1,-1.59,2.47,2.51,-3.92,592.46
"199","GLBD3",290,12,124.689071,-0.569122692,100,0,0,8.29,776,281,110,149,30,77,185,46,156,67,30,20,2110.3,4618.69,7675.16,2688,"Ssr","silt loam",0,1,-1.63,3.22,2.28,-5.25,611.23
"200","GLBD4",300,19,118.39328,-0.475521035,100,0,0,10.85,782,282,111,149,30,76,184,46,156,67,29.61,20,2494.52,5116.74,8011.86,2688,"Ssr","silt loam",0,1,-0.99,6.8,1.83,-6.76,632.68
"201","GLBD5",318,25,105.888908,-0.273773028,100,0,0,8.24,786,283,112,149,29,75,183,46,156,68,29,20,3347.92,6018.69,8428.86,2688,"Ssr","silt loam",0,1,-0.44,10.25,1.46,-4.46,678.36
"202","GLBD6",356,27,83.818153,0.107684374,100,0,0,7.25,795,284,114,149,28,73,181,46,155,68.4,28,21,5090.43,7263.88,8391.31,2688,"Ssr","sandy clay",0,0,-0.31,11.91,1.39,-3.74,725.18
"203","GLBD7",350,33,83.506233,0.113095126,100,10,0,10.78,801,285,115,149,27,72,180,46,155,69,27.02,21.98,5118.33,7282.8,8388.88,2688,"Ssr","sandy clay",0,0,-0.36,9.09,2.82,-3.32,726.95
"204","GTHA1",923,45,6.544682,0.993483272,20,95,0,6.89,1157,404,166,147,9,40,146,47,147,82,8.87,48,514.27,1352.7,534.23,3606,"Ssr","loamy sand",1,0,-0.12,0.88,1.66,-0.11,713.07
"205","GROS1",241,3,231.26976,-0.625654471,100,0,0,10.53,732,266,103,149,31,79,188,45,157,65,31,17,1887.33,4274.74,7411.95,3292,"Qa","loamy sand",1,0,0.03,3.02,2.85,0.09,642.04
"206","GROS2",238,3,242.859954,-0.456166996,100,0,1.62,9.39,730,265,103,149,31,80,188,45,157,65,31,17,2580.57,5218.53,8073.31,3292,"Qa","loamy sand",1,0,0.13,0.74,2.91,0.1,627.24
"207","GROS3",238,4,190.078033,-0.984570343,100,0,1.89,11.9,729,264,103,149,31,80,188,45,157,65,31,17,1382.58,1889.59,4705.31,3292,"Qa","loamy sand",1,0,0.03,-0.02,3.09,0,631.55
"208","GROS4",237,4,189.362915,-0.986677669,100,0,1.76,10.38,729,264,103,149,31,80,188,45,157,65,31,17,1378.64,1867.71,4677.65,3292,"Qa","loamy sand",1,0,-0.08,-0.26,3.39,0.02,648.76
"209","GROS5",236,4,196.482025,-0.95890879,100,0,1.44,10.41,727,264,102,149,31,80,188,45,157,65,31,17,1407.88,2127.74,5011.85,3292,"Qa","loamy sand",1,0,-0.11,-0.55,3.44,0.06,626.69
"210","GFYA1",362,9,77.735527,0.212424515,100,0,0,16.11,777,272,114,148,28,72,180,45,155,68,28,21.75,5647.52,7594.65,8300.96,2688,"Ssr","sandy clay loam",0,0,0.16,6.72,3.56,1.06,800.83
"211","GFYA2",367,10,63.182846,0.451144755,100,0,0,12.21,780,273,115,148,28,72,179,45,155,68.58,28,22,6915.61,8096.94,7712.32,2688,"Ssr","sandy clay loam",0,0,0,9.24,3.98,-0.01,799.09
"212","GFYA3",373,11,68.13256,0.372460452,100,5,0,11.98,783,274,115,148,28,72,179,45,155,69,28,22,6492.45,7968.25,7967.73,2688,"Ssr","sandy clay loam",0,0,0.02,8.58,4.29,0.18,866.11
"213","GFYA4",378,12,83.778923,0.10836506,100,10,0,11.42,785,275,116,148,27,71,179,45,155,69,27,22,5094.13,7266.59,8391.43,2688,"Ssr","sandy clay loam",0,0,-0.29,6.61,3.92,-1.93,891.29
"214","GFYA5",383,14,89.704879,0.00515081,100,0,0,9.58,786,275,116,148,27,71,178,45,155,69,27,22,4538.7,6909.06,8389.68,2688,"Ssr","sandy clay",0,0,-0.36,6.12,3.9,-2.23,892.07
"215","GFYA6",395,15,96.668853,-0.116130815,100,45,0,9.69,790,276,117,148,27,70,178,45,155,69,27,22,4019.66,6558.9,8480.87,2688,"Ssr","sandy clay",0,0,-0.85,6.55,2.3,-5.54,866.15
"216","GZER1",332,60,40.274326,0.762958077,15,95,0,7.45,666,235,99,158,24,72,187,44,160,63,24,16.29,193.78,284.7,1904.09,2598,"Qrcp","loamy sand",1,0,-0.62,4.54,3.87,-2.81,797.36
"217","GZER2",302,58,38.567157,0.781877963,20,85,0,7.74,661,233,99,158,24,73,188,44,160,63,24,16,215.38,291.22,1795.71,2598,"Qrcp","loamy sand",1,0,-0.62,4.54,3.87,-2.81,797.36
"218","GZER3",261,31,38.349269,0.784243129,10,95,0,9.09,631,222,95,158,26,75,190,44,161,61,26,15,218.14,292.06,1781.8,2598,"Qrcp","loamy sand",1,0,-0.61,3.09,4.06,-1.9,752.08
"219","GZER4",252,27,26.095195,0.898064467,20,95,0,10.18,610,214,93,158,27,77,192,44,161,60.36,26.31,15,548.92,430.8,1000.02,2598,"Qrcp","loamy sand",1,0,-0.56,2.23,3.79,-1.24,711.77
"220","GZER5",249,27,29.577161,0.869691753,15,90,0,11.37,607,212,92,158,27,77,192,44,162,60.65,26.35,15,431.72,369.28,1202.93,2598,"Qrcp","loamy sand",1,0,-0.34,0.63,2.98,-0.22,637.76
"221","GZER6",240,23,21.858221,0.928107983,10,85,0,9.98,612,214,93,158,26,77,192,44,161,60,26.39,15,688.77,525.2,793.46,2598,"Qrcp","loamy sand",1,0,-0.35,0.65,2.65,-0.22,621.07
"222","GZER7",246,44,30.509561,0.861544455,100,20,0,8.92,622,218,94,158,26,76,191,44,161,60.57,26,15,167.31,234.62,1200.24,2598,"Qrcp","loamy sand",1,0,-0.27,0.6,2.48,-0.16,625.4
"223","GZER8",267,58,33.259391,0.836196277,100,10,0,7.46,630,221,95,158,26,75,190,44,161,61,26,15,319.18,322.77,1448.97,2598,"Qrcp","loamy sand",1,0,-0.16,0.78,2.61,-0.12,650.17
"224","GZER9",272,40,85.318969,0.081608546,15,15,0,7.37,614,215,93,158,27,77,192,44,161,60.52,26.48,15,593.22,830.5,4721.45,2598,"Qrcp","loamy sand",1,0,-0.03,1.25,2.99,-0.04,685.25
"225","GZER10",256,27,122.655349,-0.539584361,100,10,0,8.2,602,210,92,158,27,78,193,44,162,60,27,15,1974.35,2133.26,5815.87,2598,"Qrcp","loamy sand",1,0,-0.04,2.76,3.51,-0.11,725.1
"226","GZER11",246,6,96.411285,-0.111664663,100,10,1.69,12.17,595,207,91,158,27,78,193,44,162,59,27,15,1388.31,2758.9,6564.05,2598,"Qrcp","loamy sand",1,0,-0.16,4.61,3.52,-0.74,740.14
"227","GZER12",252,7,74.066146,0.274527429,100,0,0,8.82,598,209,91,158,27,78,193,44,162,59,27,15,1626.6,2721.1,5747,2598,"Qrcp","loamy sand",1,0,-0.31,4.38,3.28,-1.38,762.35
"228","GTIP1",333,6,178.313613,-0.99956688,100,10,0.61,9.74,728,248,112,144,30,74,179,45,156,67,30,21,1323.21,1683.47,4449.93,2688,"Ssr","sandy clay loam",0,0,0.08,4.05,4.77,0.32,987.03
"229","GTIP2",352,22,104.795761,-0.255374227,100,10,0,10.69,745,253,114,144,29,73,178,45,155,68,29,21.89,3423.71,6091.18,8446.49,2688,"Ssr","sandy loam",1,0,-0.2,-2.75,3.57,0.55,872.7
"230","GTIP3",348,22,98.314964,-0.144614632,100,10,0,7.38,743,253,114,144,29,73,178,45,155,68,29,21.13,3899.53,6474.44,8487.56,2688,"Ssr","sandy loam",1,0,-0.2,-2.75,3.57,0.55,872.7
"231","GTIP4",340,13,96.859268,-0.11943105,100,15,0.54,12.09,740,252,113,144,29,73,178,45,156,68,29,21,4004.79,6549.46,8482.09,2688,"Ssr","sandy clay",0,0,0.66,0.54,2.74,0.36,906.93
"232","GTIP5",338,6,137.302062,-0.734939001,100,5,0.72,8.68,733,249,112,144,29,74,179,45,156,67.05,29,21,1521.57,3597.07,6796.82,2688,"Ssr","sandy loam",1,0,0.97,3.33,2.3,3.22,949.77
"233","GTIP6",336,5,147.74887,-0.845717297,100,5,0,9.05,732,249,112,144,30,74,179,45,156,67,30,21,1395.17,2963.49,6103.63,2688,"Ssr","sandy loam",1,0,0.66,4.24,3.45,2.79,983.04
"234","GTIP7",336,5,147.74887,-0.845717297,100,0,0,9.2,731,249,112,144,30,74,179,45,156,67,30,21,1395.17,2963.49,6103.63,2688,"Ssr","sandy loam",1,0,0.66,4.24,3.45,2.79,983.04
"235","GTIP8",336,4,147.733215,-0.845571461,100,0,0,9.2,731,248,112,144,30,74,179,45,156,67,30,21,1395.14,2964.48,6105.01,2688,"Ssr","sandy loam",1,0,0.66,4.24,3.45,2.79,983.04
"236","GTIP9",335,3,81.535011,0.147205038,100,0,0,10.18,730,248,112,144,30,74,179,45,156,67,30,21,5293.45,7399.92,8371.14,2688,"Ssr","sandy clay loam",0,0,0.01,3.29,5.04,0.04,996.87
"237","GTIP10",334,3,76.158973,0.239228783,100,0,0,10.91,730,248,112,144,30,74,179,45,156,67,30,21,5788.8,7668.25,8264.43,2688,"Ssr","sandy clay loam",0,0,0.01,3.29,5.04,0.04,996.87
"238","GTIP11",333,3,63.901519,0.439915362,100,0,2.55,9.39,730,248,112,144,30,74,179,45,156,67,30,21,6855.95,8083.64,7753.57,2688,"Ssr","sandy clay loam",0,0,-0.47,1.79,5.58,-0.84,969.55
"239","GTIP12",332,3,71.148033,0.323124169,100,0,2.71,10.08,729,248,112,144,30,74,179,45,156,67,30,21,6234.11,7862.45,8099.07,2688,"Ssr","sandy clay loam",0,0,-0.64,2.53,4.69,-1.61,918.53
"240","GTIP13",331,2,89.652122,0.006071579,100,0,3.94,22.43,728,247,112,144,30,74,179,45,156,67,30,21,4545.11,6915.76,8394.62,2688,"Ssr","sandy clay loam",0,0,-0.69,3.48,3.45,-2.42,859.79
"241","GTIP14",330,2,176.818115,-0.998458363,100,0,3.95,16.62,727,247,111,144,30,74,180,45,156,67,30,21,1337.04,1711.94,4488.75,2688,"Ssr","sandy loam",1,0,-0.77,3.55,2.88,-2.75,818.27
"242","GABC1",408,3,153.622055,-0.895882848,100,0,2.89,10.77,780,269,118,146,27,70,176,45,155,69,27,23,1369.71,2570.65,5584.86,3921,"Qrcp","silt loam",0,1,0.09,0.72,5.73,0.06,992.26
"243","GABC2",408,3,128.501693,-0.622537761,100,0,2.78,15.3,781,269,118,146,27,70,176,45,155,69,27,23,1877.52,4265.56,7392.74,3921,"Qrcp","sandy clay loam",0,0,-0.4,0.93,5.47,-0.37,993.75
"244","GABC3",408,2,131.271163,-0.659623473,100,0,2.91,10.76,780,269,118,146,27,70,176,45,155,69,27,23,1728.77,4033.37,7189.71,3921,"Qrcp","sandy clay loam",0,0,-0.35,1.97,4.35,-0.69,971.84
"245","GABC4",408,2,132.030059,-0.669520389,100,0,2.72,11.71,780,269,118,146,27,70,176,45,155,69,27,23,1687.35,3969.77,7131.32,3921,"Qrcp","sandy clay loam",0,0,-0.52,2.65,4.4,-1.38,969.42
"246","THAK2",874,45,13.898297,0.970723621,5,95,0,6.8,1120,390,161,147,10,43,148,46,147,81,10,45,1930.42,2830.68,1398.16,3606,"Ssr","sandy loam",1,0,-0.13,0.77,1.48,-0.1,712.91
"247","THAK3",864,29,7.310376,0.991871416,20,90,0,9.06,1123,391,161,147,10,42,148,46,147,81,10,45.52,2886.22,3411.14,1626.61,3606,"Ssr","sandy loam",1,0,-0.13,0.77,1.48,-0.1,712.91
"248","THAK4",855,23,342.830963,0.955438025,20,95,0,9.87,1110,387,160,147,11,43,149,46,148,80,11,44.61,2835.54,3550.41,2114.04,3606,"Ssr","sandy loam",1,0,-0.13,0.59,1.33,-0.08,714.73
"249","THAK5",858,29,354.039672,0.994594033,5,85,0,7.52,1113,388,160,147,10,43,149,46,148,80.98,10.02,45,2441.5,3088.77,1450.02,3606,"Ssr","sandy loam",1,0,-0.15,0.73,1.17,-0.11,707.04
"250","THAK6",858,29,354.039672,0.994594033,10,50,0,7.52,1113,388,160,147,10,43,149,46,148,80.98,10.02,45,2441.5,3088.77,1450.02,3606,"Ssr","sandy loam",1,0,-0.15,0.73,1.17,-0.11,707.04
"251","THAK7",858,29,354.039672,0.994594033,5,45,0,7.52,1113,388,160,147,10,43,149,46,148,80.98,10.02,45,2441.5,3088.77,1450.02,3606,"Ssr","sandy loam",1,0,-0.15,0.73,1.17,-0.11,707.04
"252","THAK8",893,43,6.107011,0.994324934,10,70,0,6.7,1153,402,166,147,9,40,146,46,147,82,9,47.65,3538.36,3436.41,1566.64,3606,"Ssr","sandy loam",1,0,-0.2,0,1.92,0,717.35
"253","FORT1A",752,54,40.057319,0.765401012,5,95,0,8.57,1041,362,150,146,14,49,154,46,149,78.62,13.76,40.12,4244.84,5586.41,4730.74,3606,"Ssr","sandy loam",1,0,-0.15,-0.53,2,0.08,654.53
"254","FORT2",742,43,87.643302,0.041120542,10,95,0,11.55,1037,361,150,146,14,49,154,46,149,78,14,39,4735.93,7041.6,8400.03,3606,"Ssr","sandy loam",1,0,-0.16,-0.67,1.3,0.1,627.95
"255","FORT3",765,71,106.551147,-0.284871154,5,95,0,5.41,1031,358,149,146,14,49,155,46,149,78,14,39.09,3122.86,5792.46,8331.04,3606,"Ssr","sandy loam",1,0,-0.16,-0.67,1.3,0.1,627.95
"256","STAP1",765,60,106.551147,-0.284871154,5,95,0,5.41,1031,358,149,146,14,49,155,46,149,78,14,39.09,3122.86,5792.46,8331.04,3606,"Ssr","sandy loam",1,0,-0.16,-0.67,1.3,0.1,627.95
"257","STAP2",365,17,28.429283,0.879405374,5,95,0.66,13.65,696,247,103,158,23,71,185,45,159,64.43,23,17.43,2918.81,4237.45,3191.55,2688,"Ssr","sandy loam",1,0,-0.43,19,3.79,-8.17,1156.64
"258","STAP3",377,43,29.327627,0.8718332,25,10,0,11.11,720,256,106,158,22,69,183,45,159,65.04,22,18,3441.62,4543.58,3392.76,2688,"Ssr","sandy loam",1,0,-0.39,21.69,4.42,-8.48,1218.76
"259","STAP4",434,20,333.280456,0.89321807,15,85,0,7.47,733,260,108,158,22,68,182,45,158,66,22,19,3477.34,4557.48,3172.17,2688,"Ssr","sandy clay",0,0,-0.34,15.45,4.1,-5.28,1096.47
"260","STAP5",441,20,43.322086,0.727508339,70,10,0,7.98,740,263,108,158,21,67,181,45,158,66.13,21,19,1834.12,2237.5,3391.64,2688,"Ssr","sandy clay",0,0,-0.25,11.51,4.01,-2.86,994.85
"261","STAP6",441,20,43.322086,0.727508339,25,50,0,7.98,740,263,108,158,21,67,181,45,158,66.13,21,19,1834.12,2237.5,3391.64,2688,"Ssr","sandy loam",1,0,-0.25,11.51,4.01,-2.86,994.85
"262","STAP7",472,33,130.117782,-0.644360995,15,95,0,6.7,739,262,108,158,21,67,182,45,158,66,21.42,19,9.79,40.46,115.84,2688,"Ssr","sandy clay",0,0,-0.12,6.79,3.66,-0.81,824.95
"263","STAP8",478,47,91.156044,-0.020175405,10,80,0,6.16,752,267,110,158,21,66,180,45,158,66.7,21,19,553.2,707.32,3327.19,2688,"Ssr","sandy clay",0,0,-0.16,9.61,4.02,-1.57,938.37
"264","STAP9",480,20,246.50209,-0.398715617,15,95,0,6.57,722,256,106,158,22,69,183,45,159,65.94,22,18.37,2425.83,5002.21,7578.5,2688,"Ssr","sandy clay",0,0,-0.24,10.9,4.24,-2.62,992.95
"265","STAP10",482,62,263.279418,-0.1170275,15,90,0,5.77,718,255,106,158,22,69,183,45,159,65.43,21.79,18.43,3407.5,6141.62,8063.34,2688,"Ssr","sandy loam",1,0,-0.3,11.57,4.3,-3.47,1009.03
"266","STAP11",459,30,24.698657,0.908517972,15,90,0,6.83,740,262,108,158,21,67,181,45,158,66,21.33,18.67,114.83,98.45,81.42,2688,"Ssr","sandy loam",1,0,-0.28,16.03,3.49,-4.48,1154.6
"267","STAP12",388,62,240.043685,-0.499339556,25,10,0,5.53,649,229,97,158,25,74,189,44,160,62.07,25,16,919.67,3690.05,6972,2688,"Ssr","sandy loam",1,0,-0.26,17.57,4.6,-4.63,1097.44
"268","STAP13",388,45,240.043685,-0.499339556,100,0,0,5.53,649,229,97,158,25,74,189,44,160,62.07,25,16,919.67,3690.05,6972,2688,"Ssr","sandy clay",0,0,-0.26,17.57,4.6,-4.63,1097.44
"269","STAP14",388,43,240.043685,-0.499339556,100,5,0,5.53,649,229,97,158,25,74,189,44,160,62.07,25,16,919.67,3690.05,6972,2688,"Ssr","sandy clay",0,0,-0.26,17.57,4.6,-4.63,1097.44
"270","STAP15",369,60,192.508621,-0.97626343,10,40,0,6.66,647,228,97,158,25,75,189,44,161,62,25.04,16,481.03,796.57,2890.92,2688,"Ssr","loamy sand",1,0,-0.56,11.56,4.94,-6.47,964.05
"271","COPR1",341,14,359.193023,0.999900816,100,0,0,10.46,689,245,101,157,25,73,187,45,159,64,25,17,10877.23,7999.01,3609.11,2688,"Ssr","sandy loam",1,0,-0.04,-0.16,2.41,0.01,663.82
"272","COPR2",342,7,345.383209,0.967635258,100,0,0.6,11.23,689,246,101,157,25,73,187,45,159,64,25,17,10655.95,8177.79,4107.89,2688,"Ssr","sandy loam",1,0,-0.08,-0.53,2.56,0.05,657.12
"273","COPR3",344,6,342.044616,0.951296858,100,0,1.5,11.28,691,246,101,157,25,73,187,45,159,64,25,17,10508.79,8216.69,4304.72,2688,"Ssr","sandy clay loam",0,0,-0.07,-0.27,2.66,0.02,654.6
"274","COPR4",342,6,344.352325,0.962938469,100,0,1.48,12.67,689,246,101,157,25,73,187,45,159,64,25,17,10614.33,8188.15,4169.07,2688,"Ssr","sandy clay loam",0,0,-0.09,0.89,2.57,-0.08,659.63
"275","COPR5",340,12,354.161926,0.994813336,100,5,0.61,10.55,689,245,101,157,25,73,187,45,159,64,25,17,10869.43,8061.29,3728.4,2688,"Ssr","sandy clay loam",0,0,-0.11,1.89,2.57,-0.21,667.89
"276","TOWERHL",615,30,356.111846,0.99769832,10,90,0,5.12,937,327,137,150,17,56,164,46,152,75,17,32.02,10882.06,8037.09,3676.65,2688,"Ssr","loamy sand",1,0,0.28,5.51,3.94,1.55,751.57
"277","TOWER2",633,15,337.824981,0.926035236,15,10,0,9.71,926,324,136,150,18,57,165,46,152,74,18,31,10271.01,8254.47,4589.95,2688,"Ssr","loamy sand",1,0,0.05,4.27,5.08,0.22,685.52
"278","GCHINA1",704,54,146.357635,-0.832511831,15,90,0,8.12,969,339,142,150,15,52,161,46,151,76,15,34.9,1404.67,3042.53,6206.47,2688,"Ssr","",1,0,0.95,2.21,1.15,2.1,574.1
"279","GCHINA2",734,9,315.849243,0.717509523,15,95,0,8.41,988,345,144,150,14,51,159,46,151,76.96,14.14,35.96,7399.66,3825.39,1973.36,2688,"Ssr","",1,0,-0.46,3.15,1.05,-1.46,547.47
"280","GCHINA3",725,15,288.498596,0.317281418,10,95,0,9.37,983,343,143,150,15,51,160,46,151,76,15,35,3393.24,2004.88,1886.72,2688,"Ssr","",1,0,-0.75,3.88,0.7,-2.9,554.58
"281","GCHINA4",725,23,223.478408,-0.725633727,5,95,0,9.38,976,341,142,150,15,52,161,46,151,76,15,35,1147.36,1539.64,2472.89,2688,"Ssr","",1,0,-0.75,3.88,0.7,-2.9,554.58
"282","GCHINA5",727,54,128.071975,-0.616650889,20,90,0,6.45,978,342,143,150,15,52,160,46,151,76.25,14.75,35.32,1162.38,3321.35,6811.89,2688,"Ssr","",1,0,0.52,5.68,0.17,2.93,598.96
"283","ROS2",827,33,55.125789,0.571776663,20,90,0,6.57,1137,396,165,151,8,40,148,46,148,80.96,8.04,46.33,829.86,489.65,948.08,2688,"Ssr","",1,0,0.33,10.49,1.31,3.44,613.74
"284","ROS3",789,47,38.408508,0.783601213,15,85,0,6.96,1060,369,155,151,11,45,154,46,149,79.1,10.9,41.62,1369.23,877.78,826.32,2688,"Ssr","",1,0,0.1,5.53,2.41,0.55,550.88
"285","ROS5",756,54,37.368892,0.79474427,30,60,0,8.52,1025,357,150,151,13,48,156,46,150,78,12.62,38.85,6157.98,5076.33,2292.89,2688,"Ssr","",1,0,0.12,5.97,2.35,0.74,545.43
"286","ROS8",873,49,14.335313,0.968863315,25,80,0,6.2,1081,377,157,151,10,43,152,46,149,80,10,43,263.32,351.39,191.03,2688,"Ssr","",1,0,0.2,5.13,1.52,1.03,542.11
"287","ROS10",702,24,319.159667,0.756534897,70,20,0,7.45,964,337,141,151,16,53,162,46,151,76,16,34,8172.33,7901.3,5946.9,2688,"Ssr","",1,0,0.23,3.44,3.7,0.78,581.32
"288","A1",394,22,90.801399,-0.013986595,100,0,0,9,766,247,122,136,29,71,169,45,153,70.87,29,25,2960.71,1569.88,728.37,2688,"Ssr","",1,0,-0.13,1.47,2.74,-0.18,787.69
"289","A2",394,24,82.235557,0.135100701,25,40,0,8.71,766,247,122,136,29,71,169,45,153,70.98,29,25.67,3725.2,1975.9,926.78,2688,"Ssr","",1,0,0.25,1.29,2.96,0.32,797.98
"290","A3",402,15,113.435195,-0.397711564,70,10,0,13.23,770,249,122,136,29,70,169,45,153,71,29,26,1803.08,1470.23,810.15,2688,"Ssr","",1,0,-0.08,1.53,2.81,-0.12,764.54
"291","A4",428,34,149.186309,-0.858837518,100,10,0,9.95,787,255,124,136,28,69,168,45,153,71.34,28,27,353.08,487.6,551.01,2688,"Ssr","",1,0,0.21,0.59,3.92,0.13,730.46
"292","A5",428,34,149.186309,-0.858837518,100,10,0,9.95,787,255,124,136,28,69,168,45,153,71.34,28,27,353.08,487.6,551.01,2688,"Ssr","",1,0,0.21,0.59,3.92,0.13,730.46
"293","B1",428,34,149.186309,-0.858837518,25,10,0,9.95,787,255,124,136,28,69,168,45,153,71.34,28,27,353.08,487.6,551.01,2688,"Ssr","",1,0,0.21,0.59,3.92,0.13,730.46
"294","B2",383,14,301.614929,0.524207814,100,5,0,8.86,748,241,119,136,30,72,171,45,154,70,30,24,7137.81,6429.38,5507.2,2688,"Ssr","",1,0,0.07,1.52,2.07,0.11,680.55
"295","B3",371,15,281.314117,0.19618775,100,0,0,9.65,737,237,118,136,30,73,172,45,154,69,30,23.99,5364.52,5616.29,6195.48,2688,"Ssr","",1,0,0.09,2.34,2.06,0.21,687.47
"296","B4",348,11,253.992141,-0.275769205,100,0,0,12.36,720,231,116,136,31,74,173,45,155,68,31,23,3271.95,5929.69,7384.46,2688,"Ssr","",1,0,0.4,1.95,3.45,0.77,700.68
"297","B5",343,18,209.819992,-0.867591993,100,5,0,8.78,717,230,115,136,31,74,173,45,155,68,31,22.09,1370.83,2777.76,5379.38,2688,"Ssr","",1,0,0.35,3.17,3.18,1.12,701.09
"298","C1",274,6,157.878036,-0.926384339,100,0,0.61,12.31,671,216,108,138,33,78,179,45,156,66,33,20,758.5,1557.57,3245.26,2688,"Ssr","loamy sand",1,0,-0.53,-0.69,3.79,0.36,727.77
"299","C2",277,5,158.354934,-0.92948665,100,0,1.56,11.66,673,217,109,138,33,78,178,45,156,66,33,20,759.96,1536.8,3225.73,2688,"Ssr","loamy sand",1,0,-0.33,-0.24,4.68,0.08,775.61
"300","C3",280,4,156.781204,-0.919006056,100,0,1.49,9.46,675,218,109,138,33,78,178,45,156,66,33,20,877.95,1770.64,3483.7,2688,"Ssr","loamy sand",1,0,-1.49,-3.28,4.22,4.89,828.41
"301","C4",285,8,152.707214,-0.888674973,100,0,0.58,11.02,679,219,109,138,33,77,178,45,156,66,32.73,20,858.22,1969.74,3679.67,2688,"Ssr","loamy sand",1,0,-1.36,-0.09,3.5,0.12,780.44
"302","C5",295,12,170.348007,-0.985844297,100,0,0,8.19,685,221,110,138,32,77,178,45,156,66,32,20,910.44,1278.83,3112.92,2688,"Ssr","loamy sand",1,0,-0.36,-0.96,5.4,0.34,772.38
"303","D1",366,28,81.060401,0.155393161,5,90,0,7.3,745,247,117,142,29,72,175,45,155,69,29,23,5337.74,7424.01,8361.73,2688,"Ssr","",1,0,0.37,-0.15,6.2,-0.06,1204.45
"304","D2",366,52,182.507858,-0.99904223,10,80,0,8.08,727,241,114,141,30,73,176,45,155,68,30,22,1270.54,1619.27,4373.5,2688,"Ssr","",1,0,-0.35,0.18,2.62,-0.06,1065.97
"305","D3",363,36,94.185302,-0.072982355,100,0,0,8.02,742,246,116,141,29,72,175,45,155,68.95,29,22.77,4209.86,6690.14,8456.99,2688,"Ssr","",1,0,-0.25,-1.54,3.56,0.38,1156.67
"306","D3-5",315,10,114.448524,-0.413875543,70,10,0.89,14.86,703,232,111,141,31,75,178,45,156,67,31,21,2756.38,5424.57,8186.17,2688,"Ssr","",1,0,-0.61,5.55,2.92,-3.39,1181.91
"307","D4",315,10,114.448524,-0.413875543,100,0,0.89,14.86,703,232,111,141,31,75,178,45,156,67,31,21,2756.38,5424.57,8186.17,2688,"Ssr","",0,0,-0.61,5.55,2.92,-3.39,1181.91
"308","D5",315,10,114.448524,-0.413875543,100,0,0.89,14.86,703,232,111,141,31,75,178,45,156,67,31,21,2756.38,5424.57,8186.17,2688,"Ssr","",0,0,-0.61,5.55,2.92,-3.39,1181.91
"309","E1",482,47,91.850959,-0.03229971,15,85,0,8.36,845,287,128,145,23,63,168,46,153,72.66,23.34,27.66,4381.5,6805.48,8420.5,2688,"Ssr","",1,0,0.25,1.82,4.78,0.46,714.61
"310","E2",481,47,92.563949,-0.044734418,15,85,0,7.67,845,287,128,145,23,63,168,46,153,72.66,23.34,27.66,4329.83,6771.42,8432.92,2688,"Ssr","",1,0,0.25,1.82,4.78,0.46,714.61
"311","E3",493,61,101.643959,-0.201829421,15,85,0,7.81,851,289,129,145,23,63,168,46,153,72.83,23.09,27.91,3660.89,6287.47,8479.79,2688,"Ssr","",1,0,0.16,0.62,4.29,0.1,685.28
"312","E4",481,63,95.72071,-0.099679414,10,80,0,7.9,834,283,127,145,24,64,169,45,153,72,23.69,27.31,4093.07,6608.09,8473.35,2688,"Ssr","",1,0,0.16,0.62,4.29,0.1,685.28
"313","E5",491,59,115.828033,-0.435671545,100,0,0,6.4,845,287,128,145,23,63,168,46,153,72.49,23.14,27.86,2666.07,5319.44,8129.06,2688,"Ssr","",1,0,0.16,0.62,4.29,0.1,685.28
"314","E63",503,37,113.132827,-0.392864054,100,0,0,7.15,845,287,128,145,23,63,168,46,153,72.82,23,28.03,2840.64,5521.09,8234.92,2688,"Ssr","",1,0,0.2,0.03,3.71,0.01,649.49
"315","E7",503,47,102.130981,-0.21014724,100,0,0,6.98,844,287,128,145,23,63,168,46,153,72.66,23,28,3624.93,6258.34,8476.28,2688,"Ssr","",1,0,0.24,0.27,3.07,0.07,632.66
"316","E8",520,35,190.328033,-0.983797438,100,0,0,7.11,827,281,126,145,24,65,170,45,153,72,24,26.67,1383.56,1896.69,4713.42,2688,"Ssr","",1,0,0.35,1.07,2.78,0.37,621.73
"317","F1",363,29,258.789337,-0.194416908,100,0,0,6.98,747,255,113,145,29,73,179,45,155,68,29,21,3632.89,6238.07,8392.57,2688,"Ssr","",1,0,-0.49,1.01,4.94,-0.5,910.05
"318","F2",352,19,250.422744,-0.335077586,100,0,0,7.3,744,254,113,145,29,74,179,45,156,68,29,21,3028.35,5687,8245.81,2688,"Ssr","",1,0,-0.55,0.23,5.88,-0.13,955.63
"319","F3",350,10,303.790252,0.556154228,100,0,0,7.93,745,255,113,145,29,73,179,45,155,68,29,21,7469.99,8193.35,7247.61,2688,"Ssr","",1,0,-0.31,-0.65,6.54,0.2,950.46
"320","F4",349,13,302.27832,0.534032475,100,0,0,8.13,744,254,113,145,29,74,179,45,156,68,29,21,7347.63,8172.25,7348.97,2688,"Ssr","",1,0,-0.24,-1.21,7.08,0.29,935.24
"321","F5",347,16,259.324798,-0.185241317,100,0,0,9.5,741,253,113,145,29,74,179,45,156,68,29.16,21,3671.8,6270.06,8396.5,2688,"Ssr","",1,0,-0.67,0.84,7.34,-0.56,920.76
"322","G1",347,16,259.324798,-0.185241317,100,0,0,9.5,741,253,113,145,29,74,179,45,156,68,29.16,21,3671.8,6270.06,8396.5,2688,"Ssr","",1,0,-0.67,0.84,7.34,-0.56,920.76
"323","G2",299,18,281.886047,0.205965887,100,0,0,8.25,724,250,109,145,31,77,182,45,156,66,31,19,5612.71,7576.2,8307.94,3417,"Qrcp","",1,0,0.19,1.88,5.49,0.35,934.22
"324","G3",300,19,273.170776,0.055312238,100,0,0,10.99,727,251,109,145,31,77,182,45,156,66.71,31,20,4814.29,7091.71,8397.17,3417,"Qrcp","",1,0,-0.04,0.43,6.65,-0.02,890.9
"325","G4",303,15,266.137146,-0.067368458,100,0,0,10.71,727,251,109,145,31,76,182,45,156,66.91,31,20,4233.92,6706.98,8457.05,3417,"Qrcp","",1,0,-0.24,0.85,6.32,-0.2,871.3
"326","G5",295,9,255.967147,-0.242478217,100,0,0,10.77,725,250,109,145,31,77,182,45,156,66,31,19.6,3485.49,6140.78,8457.44,3417,"Qrcp","",1,0,-0.3,3.18,4.61,-0.95,840.41
"327","H1",294,12,267.692199,-0.040267836,100,5,0,11.96,724,250,108,145,31,77,183,45,156,66,31,19,4346.28,6784.17,8433.62,3417,"Qrcp","",1,0,0.37,0.36,5.14,0.13,958.72
"328","H2",319,13,247.982925,-0.374882891,100,5,0.54,9.24,747,260,110,146,30,76,182,45,156,67,30,20,2860.29,5189.76,8073.05,2688,"Ssr","",1,0,0.81,2.79,5.03,2.25,1043.64
"329","H3",318,13,298.19461,0.472467856,100,5,0,11,749,262,111,146,30,75,182,45,156,67,30,20,6898.71,7345.19,7242.53,2688,"Ssr","",1,0,0.23,2.26,2.81,0.51,992.79
"330","H4",313,16,303.778442,0.555982912,100,5,0,12.9,749,262,111,146,30,75,182,45,156,67,30,20,7482.63,8210.43,7269.33,2688,"Ssr","",1,0,0.17,2.15,3.52,0.36,973.81
"331","H5",307,16,329.734497,0.863699163,100,5,0,8.26,747,261,110,146,30,76,182,45,156,67,30,20,9661.94,8310.37,5233.35,2688,"Ssr","",1,0,0.1,0.15,6.62,0.01,898.2
"332","I1",348,45,219.606231,-0.770443917,100,0,0,7.28,783,280,112,148,29,75,182,46,155,68,29.03,20.25,1450.78,3220.02,6460.1,2688,"Ssr","",1,0,-0.66,4.95,4.03,-3.24,848.52
"333","I2",343,30,234.06398,-0.586881488,100,0,0,11.45,787,281,112,148,29,75,182,46,155,68,29,20,2008.74,4170.18,7320.07,2688,"Ssr","",0,0,-0.3,1.31,5.3,-0.4,838.87
"334","I3",333,49,306.820129,0.599304872,100,0,0,6.78,781,280,111,148,30,76,183,46,156,67.49,29.51,20,7656.72,7563.67,6493.1,2688,"Ssr","",1,0,-0.12,1.44,5.27,-0.17,840.67
"335","I4",333,49,306.820129,0.599304872,100,0,0,6.78,781,280,111,148,30,76,183,46,156,67.49,29.51,20,7656.72,7563.67,6493.1,2688,"Ssr","",1,0,-0.12,1.44,5.27,-0.17,840.67
"336","I5",333,49,306.820129,0.599304872,100,0,0,6.78,781,280,111,148,30,76,183,46,156,67.49,29.51,20,7656.72,7563.67,6493.1,2688,"Ssr","",1,0,-0.12,1.44,5.27,-0.17,840.67
"337","J1",262,13,18.194391,0.950002623,100,0,0,11.68,777,284,108,149,30,78,186,46,156,66,30,19,10496.37,8219.04,4321.04,2688,"Ssr","",1,0,-0.65,5.21,3.13,-3.4,933.16
"338","J2",262,13,18.194391,0.950002623,100,0,0,11.68,777,284,108,149,30,78,186,46,156,66,30,19,10496.37,8219.04,4321.04,2688,"Ssr","",1,0,-0.65,5.21,3.13,-3.4,933.16
"339","J3",266,15,21.90842,0.927781431,100,0,0,11.55,778,284,108,149,30,78,186,46,156,67,30,19,10287.73,8251.82,4571.28,2688,"Ssr","",1,0,-0.65,5.21,3.13,-3.4,933.16
"340","J4",272,14,19.248634,0.94409688,100,0,0,11.69,783,286,108,149,30,77,186,46,156,67,30,19,10441.56,8231.8,4382.67,2688,"Ssr","",1,0,-0.54,0.09,2.66,-0.05,926.43
"341","J5",281,15,21.348426,0.931383877,100,0,0,11.56,787,287,109,149,30,77,185,46,156,67,30,19,10321.98,8249.09,4530.99,2688,"Ssr","",1,0,-0.1,-1.51,3.7,0.15,920.84
"342","K1",519,30,218.313705,-0.784628099,100,0,0,6.34,855,306,122,151,23,65,175,46,154,71,22.39,24.2,1347.31,3202.64,5806.09,2688,"Ssr","",1,0,-0.06,-1.78,5.11,0.11,860.62
"343","K2",519,30,218.313705,-0.784628099,100,0,0,6.34,855,306,122,151,23,65,175,46,154,71,22.39,24.2,1347.31,3202.64,5806.09,2688,"Ssr","",1,0,-0.06,-1.78,5.11,0.11,860.62
"344","K3",546,20,205.88095,-0.899702959,100,0,0,7.72,861,307,123,151,22,64,174,46,154,71,22.28,24.72,1320.94,2481.04,5026.05,2688,"Ssr","",1,0,0.33,3.9,3.84,1.27,878.04
"345","K4",546,20,205.88095,-0.899702959,100,0,0,7.72,861,307,123,151,22,64,174,46,154,71,22.28,24.72,1320.94,2481.04,5026.05,2688,"Ssr","",1,0,0.33,3.9,3.84,1.27,878.04
"346","K5",546,20,205.88095,-0.899702959,100,0,0,7.72,861,307,123,151,22,64,174,46,154,71,22.28,24.72,1320.94,2481.04,5026.05,2688,"Ssr","",1,0,0.33,3.9,3.84,1.27,878.04
"347","L1",586,33,43.429065,0.726226032,100,0,0,6.62,902,316,131,148,20,60,167,46,152,73,20,29,8487.46,8238.43,6235.5,3606,"Ssr","",1,0,-0.1,0.39,2.97,-0.04,696.29
"348","BARK1",475,36,298.977874,0.484471831,5,95,0,6.87,841,301,120,151,24,67,177,46,155,70,24,23.85,6724.56,7879.55,7436.17,2688,"Ssr","",1,0,0.28,2.21,2.19,0.62,572.85
"349","BARK2",510,8,298.415802,0.475866795,10,90,0,10.75,857,304,124,151,22,64,174,46,154,71,22,25,6868.91,7983.1,7545.17,2688,"Ssr","",1,0,0.26,2.89,2.46,0.75,556.78
"350","BARK3",510,8,298.415802,0.475866795,10,90,0,10.75,857,304,124,151,22,64,174,46,154,71,22,25,6868.91,7983.1,7545.17,2688,"Ssr","",1,0,0.26,2.89,2.46,0.75,556.78
"351","BARK4",445,39,307.534729,0.609242197,5,95,0,8.8,835,300,119,151,25,68,178,46,155,70,24.92,23,7776.47,8231.76,6988.03,2688,"Ssr","",1,0,0.21,1.78,2.81,0.37,592.75
"352","DC1",244,1,358.024566,0.999405699,100,0,4.97,18.09,758,277,105,149,31,79,188,45,157,66,31,18,10889.9,8021.99,3641.66,3417,"Qrcp","sandy clay loam",0,0,-0.32,7.5,0.67,-2.38,890.01
"353","N1",245,6,52.195751,0.612965649,100,0,1.47,9.66,714,249,106,145,32,79,185,45,157,65,32,18,7796.32,8233.08,6968.25,3990,"Dg400","sandy loam",1,0,0.43,3.67,5.95,1.57,1008.29
"354","N2",262,6,61.914661,0.470786145,100,0,1.5,14.38,706,243,107,144,32,78,183,45,157,66,32,19,7020.39,8120.63,7640.92,3990,"Dg400","sandy loam",1,0,0.69,6.29,0.63,4.37,1196.06
"355","DC2",248,2,0.757705,0.999912558,100,0,2.57,11.58,704,244,106,145,32,79,185,45,157,65,32,18,10879.11,8002.58,3614.77,3990,"Dg400","sandy clay loam",0,0,1.1,9.96,4.4,10.96,1137.26
"356","DC3",254,13,70.925041,0.32680488,100,40,0,8.14,726,255,107,145,32,79,185,45,156,66,32,19,6252.73,7869.26,8088,3990,"Dg400","",0,0,1.53,10.8,4.53,16.52,1238.58
"357","DC4",238,4,335.233581,0.908023163,100,5,1.73,12.32,717,252,105,146,32,80,186,45,157,65,32,18,10098.68,8284.55,4787.89,3857,"Czss","sandy loam",1,0,-0.13,23.23,4.85,-3.12,1761.57
"358","DC5",238,2,346.457702,0.972197317,100,5,2.42,11.21,712,250,105,145,32,80,186,45,157,65,32,18,10697.19,8166.91,4056.05,3990,"Dg400","sandy loam",1,0,0.58,24.55,4.62,14.31,1824.84
"359","DC6",225,2,297.584136,0.463050646,100,0,4.61,11.82,712,252,104,146,33,80,187,45,157,65,33,18,6852.67,7339.43,7284.44,3857,"Czss","sandy clay loam",0,0,-0.36,-1.66,5.39,0.6,871.81
"360","DC7",225,0,278.318023,0.14466746,100,0,4.91,15.09,711,251,104,146,33,80,187,45,157,65,33,18,5309.34,7433.57,8425.95,3417,"Qrcp","sandy clay",0,0,-0.32,5.4,2.42,-1.7,819.44
"361","DC8",237,2,243.759826,-0.442134874,100,0,2.73,14.62,743,267,105,147,32,80,187,45,157,66,32,18,2602.93,4852.65,7757.68,3417,"Qrcp","sandy clay",0,0,-0.45,5.54,0.01,-2.52,1115.15
"362","DC9",256,2,23.095048,0.919855403,100,0,2.87,11.98,768,281,107,149,31,78,187,46,156,66,31,18,10213.81,8269.65,4658.72,2688,"Ssr","sandy clay loam",0,0,-0.3,3.41,3.7,-1.03,715
"363","DC10",236,3,174.910614,-0.996057516,100,0,4.43,10.55,741,270,104,149,31,80,188,45,157,65,31,18,1350.9,1752.26,4534.38,2688,"Ssr","sandy clay loam",0,0,-0.6,2.99,2.53,-1.8,862.88
"364","O1",694,2,320.430023,0.770847147,100,15,0,9.94,959,336,140,151,16,53,162,46,151,76,16,33.53,8477.57,8042.24,5885.02,2688,"Ssr","sandy loam",1,0,0.34,3.37,0.06,1.14,558.33
"365","DC11",523,37,152.876922,-0.890029245,100,10,0,9.62,864,305,126,150,22,63,172,46,154,72,21.97,26.05,1410.77,2663.37,5699.51,2688,"Ssr","sandy loam",1,0,0.51,13.92,0.92,7.09,1081.6
"366","P1",635,34,257.76947,-0.211845582,100,0,0,7.38,910,314,136,148,19,57,165,46,152,75,19,32,3585,6210.16,8425.02,2688,"Ssr","sandy loam",1,0,-0.64,0.11,6.45,-0.07,850.22
"367","ROS1",796,20,20.516403,0.936571891,10,95,0,5.16,1058,368,155,150,11,45,154,46,149,79,11,41.17,2545.17,1366.98,700.07,2688,"Ssr","sandy loam",1,0,0.41,7.38,3.37,3.03,707.81
"368","ROS4",774,50,43.5,0.725374371,15,85,0,6.49,1037,361,151,151,12,47,155,46,150,78.16,12,39.64,2721.21,2954.05,1425.41,2688,"Ssr","sandy loam",1,0,0.11,6.13,2.29,0.65,548.69
"369","ROS6",700,33,40.305561,0.76260555,15,85,0,7.73,993,346,145,151,14,50,159,46,151,77,14,37,8571.14,7996.42,3730.38,2688,"Ssr","sandy loam",1,0,0.15,5.64,1.36,0.83,512.72
"370","ROS7",740,33,49.34563,0.651494424,25,10,0,6.36,1050,366,153,151,11,46,154,46,149,78.45,11.66,39.97,6049.96,6328.54,3210.97,2688,"Ssr","sandy loam",1,0,0.31,7.01,1.48,2.17,556.66
"371","ROS9",755,47,233.863632,-0.589709103,70,5,0,7.18,982,343,144,151,15,51,160,46,151,76.89,14.11,35.89,1614.96,3500.66,4714.98,2688,"Ssr","sandy loam",1,0,-0.08,7.27,1.78,-0.56,571.45
"372","ROS10",702,24,319.159667,0.756534897,70,5,0,7.45,964,337,141,151,16,53,162,46,151,76,16,34,8172.33,7901.3,5946.9,2688,"Ssr","sandy loam",1,0,0.23,3.44,3.7,0.78,581.32
"373","BLK1",702,24,319.159667,0.756534897,100,0,0,7.45,964,337,141,151,16,53,162,46,151,76,16,34,8172.33,7901.3,5946.9,2688,"Ssr","loamy sand",1,0,0.23,3.44,3.7,0.78,581.32
"374","BLK5",702,24,319.159667,0.756534897,100,0,0,7.45,964,337,141,151,16,53,162,46,151,76,16,34,8172.33,7901.3,5946.9,2688,"Ssr","loamy sand",1,0,0.23,3.44,3.7,0.78,581.32
"375","BLK6",702,24,319.159667,0.756534897,100,0,0,7.45,964,337,141,151,16,53,162,46,151,76,16,34,8172.33,7901.3,5946.9,2688,"Ssr","loamy sand",1,0,0.23,3.44,3.7,0.78,581.32
"376","BLK7",702,24,319.159667,0.756534897,100,0,0,7.45,964,337,141,151,16,53,162,46,151,76,16,34,8172.33,7901.3,5946.9,2688,"Ssr","loamy sand",1,0,0.23,3.44,3.7,0.78,581.32
"377","BLK8",702,24,319.159667,0.756534897,100,0,0,7.45,964,337,141,151,16,53,162,46,151,76,16,34,8172.33,7901.3,5946.9,2688,"Ssr","loamy sand",1,0,0.23,3.44,3.7,0.78,581.32
"378","BLK9",702,24,319.159667,0.756534897,100,0,0,7.45,964,337,141,151,16,53,162,46,151,76,16,34,8172.33,7901.3,5946.9,2688,"Ssr","loamy sand",1,0,0.23,3.44,3.7,0.78,581.32
"379","BLK10",702,24,319.159667,0.756534897,100,0,0,7.45,964,337,141,151,16,53,162,46,151,76,16,34,8172.33,7901.3,5946.9,2688,"Ssr","loamy sand",1,0,0.23,3.44,3.7,0.78,581.32
"380","BLK11",702,24,319.159667,0.756534897,100,0,0,7.45,964,337,141,151,16,53,162,46,151,76,16,34,8172.33,7901.3,5946.9,2688,"Ssr","loamy sand",1,0,0.23,3.44,3.7,0.78,581.32
"381","BLK12-14",702,24,319.159667,0.756534897,100,0,0,7.45,964,337,141,151,16,53,162,46,151,76,16,34,8172.33,7901.3,5946.9,2688,"Ssr","loamy sand",1,0,0.23,3.44,3.7,0.78,581.32
"382","BLK15",702,24,319.159667,0.756534897,100,0,0,7.45,964,337,141,151,16,53,162,46,151,76,16,34,8172.33,7901.3,5946.9,2688,"Ssr","loamy sand",1,0,0.23,3.44,3.7,0.78,581.32
"383","Z1",639,9,278.426177,0.146534987,100,15,0.65,9.95,925,326,134,151,17,56,166,46,152,74,17,30,2676.4,5520.53,7540.62,2688,"Ssr","sandy loam",1,0,0.16,3.11,3.4,0.5,831.81
"384","Z2",417,4,203.463165,-0.917316237,100,5,1.96,22.4,829,300,116,152,24,69,179,46,155,69,24,22,1415.49,2468.06,5441.09,2688,"Ssr","loam",0,1,-0.03,0.18,3.21,0,636.54
"385","Z3",459,8,268.845275,-0.020152389,100,0,0,9.54,842,303,119,152,23,67,177,46,155,70,23,23,3001.28,5610.94,7875.7,2688,"Ssr","loamy sand",1,0,0,2.96,2.89,0,685.67
"386","Z4",369,2,120.547988,-0.508259841,100,0,2.94,8.78,799,289,112,151,26,72,182,45,156,68,26,20,2359.63,4950.47,7910.13,2688,"Ssr","loamy sand",1,0,0.07,1.51,1.86,0.11,714.58
"387","Z5",260,18,180.550582,-0.999953829,100,0,0,10.41,751,274,104,150,30,78,188,45,157,65,30,18,1312.82,1670.25,4434.32,3417,"Qrcp","sandy loam",1,0,0.11,0.97,2.31,0.11,717.91
"388","Z5a",260,18,180.550582,-0.999953829,100,0,0,10.41,751,274,104,150,30,78,188,45,157,65,30,18,1312.82,1670.25,4434.32,3417,"Qrcp","sandy clay loam",0,0,0.11,0.97,2.31,0.11,717.91
"389","Z6",275,12,260.44989,-0.165910133,100,0,0,11.98,762,278,106,150,30,78,187,45,157,66,30,18,3809.41,6407.86,8490.18,3417,"Qrcp","loamy sand",1,0,-0.17,1.21,3.32,-0.21,703.43
"390","Z7",328,55,181.680236,-0.999570034,100,0,0,7.78,783,286,109,150,29,76,185,46,156,67,28.92,19,1320.94,1680.59,4283.22,3417,"Qrcp","sandy loam",1,0,-0.33,-0.08,3.09,0.03,703.8
"391","Z8",257,5,169.211349,-0.982324347,100,0,0.61,9.1,769,282,106,149,31,79,187,46,156,66,31,18,1386.13,1910.84,4727.83,3417,"Qrcp","sandy clay loam",0,0,-0.47,1.41,2.77,-0.67,684.37
"392","Z9",252,5,237.662933,-0.534899072,100,0,0,8.83,766,281,106,149,31,79,188,46,156,66,31,18,2251.65,4809.6,7815.28,3417,"Qrcp","sandy clay loam",0,0,-1.28,-0.05,5.23,0.07,756.45
"393","Z10",279,3,310.879089,0.654464909,100,0,1.59,9.23,706,241,108,144,32,77,182,45,156,66,32,19,8033.61,8237.88,6715.28,3990,"Dg400","sandy clay loam",0,0,-0.25,8.71,4.06,-2.18,1119.43
"394","Z11",274,5,77.200622,0.221537911,100,0,0.61,10.74,707,242,107,144,32,78,183,45,156,66,32,19,5695.87,7620.16,8289.13,3990,"Dg400","sandy clay",0,0,-0.86,5.35,5.54,-4.58,1123.25
"395","Z12",248,2,2.76045,0.998839619,100,0,2.58,11.82,704,244,105,145,32,79,185,45,157,65,32,18,10886.6,8024.31,3649.37,3990,"Dg400","sandy clay loam",0,0,1.1,9.96,4.4,10.96,1137.26
"396","Z13",244,2,9.50529,0.986270359,100,0,3.8,14.55,703,244,105,145,32,79,185,45,157,65,32,18,10814.25,8117.31,3872.87,3990,"Dg400","sandy clay loam",0,0,0.76,10.13,8.18,7.66,1283.28
"397","Z14",229,2,335.114593,0.907151221,100,0,2.72,10.19,710,250,104,145,33,80,186,45,157,65,33,18,10092.18,8288.74,4800.75,3857,"Czss","clay loam",0,1,1.32,13.7,4.18,18.07,1339.81
"398","Z15",225,2,297.584136,0.463050646,100,0,4.61,11.82,712,252,104,146,33,80,187,45,157,65,33,18,6852.67,7339.43,7284.44,3857,"Czss","sandy clay",0,0,-0.36,-1.66,5.39,0.6,871.81
"399","Z16",225,2,297.584136,0.463050646,100,0,4.61,11.82,712,252,104,146,33,80,187,45,157,65,33,18,6852.67,7339.43,7284.44,3857,"Czss","sandy clay loam",0,0,-0.36,-1.66,5.39,0.6,871.81
"400","Z17",230,0,297.674011,0.464440389,100,0,3.63,14.73,722,257,105,146,33,80,187,45,157,65,33,18,6994.07,8127.54,7680.06,3909,"Qa","sandy clay",0,0,-2.07,7.74,3.55,-16.02,843.66
"401","Z18",231,2,221.82196,-0.74522048,100,0,0,10.58,726,259,105,147,32,80,187,45,157,65,32,18,1503.63,3544.21,6751.33,3417,"Qrcp","sandy clay loam",0,0,0.3,-1.6,4.28,-0.48,684.87
"402","Z19",238,2,257.714202,-0.212788198,100,0,2.49,13.92,736,264,105,147,32,80,187,45,157,65.82,32,18,3567.64,5699.94,8029.02,3417,"Qrcp","sandy loam",1,0,0.05,-3.87,4.59,-0.21,859.22
"403","Z20a",238,2,257.795745,-0.211397382,100,0,2.44,11.55,741,266,105,147,32,80,187,45,157,66,32,18,3574.29,5705.65,8031.08,3417,"Qrcp","sandy loam",1,0,-0.6,4.77,4.15,-2.84,799.53
"404","Z20",238,2,257.795745,-0.211397382,100,0,2.44,11.55,741,266,105,147,32,80,187,45,157,66,32,18,3574.29,5705.65,8031.08,3417,"Qrcp","sandy loam",1,0,-0.6,4.77,4.15,-2.84,799.53
"405","Z21",247,4,239.744659,-0.5038545,100,0,1.62,11.37,755,274,106,148,31,79,187,45,156,66,31,18,2372.74,4971.49,7926.4,3417,"Qrcp","sandy clay",0,0,0.26,0.07,4.74,0.02,821.91
"406","Z22",224,0,328.305053,0.850857448,100,0,4.8,14.72,720,260,102,149,32,80,189,45,157,64,32,17,9550.2,8339.77,5385.28,3636,"Czss","sandy clay",0,0,0.11,-1.68,3.52,-0.19,606.69
"407","Z23",222,0,275.583404,0.097294623,100,0,4.97,15.35,715,258,101,148,32,80,189,45,157,64,32,17,5041.57,7243.69,8409.71,3614,"Qrcp","sandy loam",1,0,-0.1,-1.31,3.03,0.13,589.89
"408","Z24",214,0,272.550354,0.044497377,100,0,5.99,15.78,699,250,100,148,32,81,189,45,158,64,32,17,4771.17,7078.25,8431.34,3614,"Qrcp","sandy clay loam",0,0,-0.2,-0.58,3.03,0.12,600.88
"409","Z25",228,2,235.825912,-0.561709273,100,0,3.62,13.62,707,254,101,149,31,80,189,45,158,64,31,17,2144.94,4664.77,7714.14,3417,"Qrcp","sandy clay loam",0,0,-0.03,-0.41,2.21,0.01,572.44
"410","Z26",233,2,222.608489,-0.735996792,100,0,3.5,11.33,712,256,101,149,31,80,188,45,158,64,31,17,1523.24,3593.07,6795.16,3417,"Qrcp","sandy clay loam",0,0,-0.04,-0.45,2.64,0.02,581.69
"411","Z27",241,5,234.408966,-0.581995724,100,0,0.6,10.86,722,261,102,149,31,79,188,45,157,65,31,17,2058.48,4544.17,7621.4,3417,"Qrcp","sandy loam",1,0,-0.03,-0.13,2.3,0,590.59
"412","Z28",223,2,165.391326,-0.967670999,100,0,3.88,14.45,714,258,101,149,32,80,189,45,158,64,32,17,1403.46,2057.28,4913.17,3292,"Qa","sandy loam",1,0,0.09,0.05,2.89,0,615.33
"413","Z29",223,0,278.648651,0.150374862,100,0,4.89,13.04,717,259,101,149,32,80,189,45,157,64,32,17,5324.33,7424.83,8385.83,3614,"Qrcp","sandy loam",1,0,0.06,1.41,3.66,0.09,645.09
"414","Z30",312,2,232.66806,-0.606431749,100,5,2.95,11.24,703,236,110,143,31,76,180,45,156,66,31,20,1959.36,4399.5,7513.2,3921,"Qrcp","sandy loam",1,0,0.33,0.34,3.43,0.11,703.02
"415","Z31",324,6,184.019531,-0.997540214,100,0,1.96,9.44,707,237,111,144,30,75,179,45,156,67,30,20.12,1342.57,1728.92,4505.22,2688,"Ssr","loamy sand",1,0,0.21,3.17,4.5,0.67,632.06
"416","Z32",347,3,237.379196,-0.539076643,100,0,1.59,11.2,715,239,112,144,30,74,178,45,156,67,30,21,2235.26,4787.43,7799.98,4202,"Dg396","loamy sand",1,0,0.36,4.19,3.52,1.5,714.29
"417","Z33",377,2,273.850372,0.067151099,100,5,3.99,13.16,725,241,115,144,29,72,176,45,156,68,28.68,22,4879.27,7135.93,8402.39,4202,"Dg396","loamy sand",1,0,0.28,3.7,2.08,1.03,559.57
"418","Z34",545,10,165.05162,-0.966158614,100,5,0.5,9.04,839,282,130,145,23,62,167,45,153,73,23,29,746.56,1233.04,3911.06,4214,"Czss","loamy sand",1,0,-0.36,2.12,4.77,-0.76,672.73
"419","Z35",621,25,156.754608,-0.918822954,100,0,0,9.16,892,300,137,146,20,58,163,46,152,75,20,33,154.99,326.24,393.83,4202,"Dg396","sandy loam",1,0,1.35,4.56,3.8,6.13,761.99
"420","Z36",603,12,37.855831,0.789557399,100,0,0,7.3,877,295,135,146,21,59,164,46,152,75,20,32,6334.95,3353.18,2407.37,2688,"Ssr","sandy loam",1,0,1.6,2.26,2.05,3.63,839.51
"421","Z37",506,36,57.193912,0.541797522,100,50,0,7.02,818,274,128,145,23,63,168,45,153,72.36,23,28.3,4595.81,2518.43,2981.68,2688,"Ssr","loamy sand",1,0,1.2,3.37,2.64,4.03,770.04
"422","Z38",454,8,64.58171,0.429223475,100,40,0,7.51,770,256,122,145,25,67,172,45,155,70,25,25,5465.97,2974.56,1425.34,2688,"Ssr","sandy loam",1,0,0.31,5.04,2.16,1.55,686.92
"423","Z39",343,3,83.239341,0.117722141,100,10,0,11.45,669,219,110,145,30,74,179,45,157,66,30,20,1328.74,810.67,535.84,3469,"Qrcp","loamy sand",1,0,0.45,0.28,3.52,0.12,690.63
"424","Z40",330,3,84.530334,0.095318748,100,5,1.81,12.4,656,214,108,145,30,74,180,45,157,65,30,20,659.91,453.07,352.76,3469,"Qrcp","sandy loam",1,0,-0.54,0.1,2.87,-0.05,599.18
"425","Z41",294,3,40.794471,0.757058107,100,0,2.41,11.66,624,202,104,145,31,76,182,44,158,64,31,19,3451.07,1822.22,1201.48,3469,"Qrcp","loamy sand",1,0,-0.91,-1.76,6.76,1.61,540.67
"426","GVICA",791,53,22.588748,0.923285669,5,95,0,6.65,1054,367,152,147,13,47,153,46,149,79,12.64,41.22,3601.09,3936.36,2497.78,3606,"Ssr","",1,0,-0.05,1.54,2.96,-0.08,792.74
"427","Q1",368,32,359.417785,0.999948372,100,50,0.87,9.63,750,250,117,142,28,71,174,45,155,69,28.45,22.96,10875.39,7996.25,3605.8,2688,"Ssr","loamy sand",1,0,0.19,2.86,3.39,0.53,610.59
"428","Q2",328,13,356.138061,0.997729241,100,5,0,9.11,717,238,112,141,30,75,178,45,156,67,30,21,10882.48,8037.32,3676.59,3417,"Qrcp","sandy loam",1,0,0.16,-1.08,5.47,-0.17,698.1
"429","Q3",268,7,296.622283,0.448106801,100,0,0,8.78,679,224,107,141,33,78,181,45,157,65,32.86,19,6834.98,8011.68,7625.53,3417,"Qrcp","sandy loam",1,0,-0.98,3.74,3.58,-3.65,950.16
"430","Q4",265,7,260.663879,-0.162225933,100,0,0.8,11.69,676,223,107,141,33,78,181,45,157,65,33,19,3769.18,6349.59,8405.48,3417,"Qrcp","sandy loam",1,0,-0.45,6.02,1.64,-2.72,948.24
"431","Q5",306,14,312.281372,0.672772009,100,50,0,7.92,701,232,110,141,31,76,179,45,156,67,31,20,8130.93,8230.69,6585.61,2688,"Ssr","sandy loam",1,0,0.09,1.28,6.31,0.11,1218.22
"432","Q6",341,23,319.684143,0.762489297,100,50,0,7.5,724,239,114,141,30,74,176,45,155,68,30,21.26,8748.51,8246.97,5915.44,2688,"Ssr","sandy loam",1,0,0.02,7.49,3.49,0.16,941.52
"433","Q7",344,21,302.321228,0.534665481,100,50,0,7.51,721,238,113,141,30,74,177,45,155,68,30,21,7270.23,8069.89,6614.83,2688,"Ssr","sandy loam",1,0,0.19,2.14,4.81,0.4,760.26
"434","Q8",330,8,299.064575,0.485795049,100,0,0,8.56,714,236,112,141,31,75,177,45,155,67,31,21,6980.68,7990.6,6743.12,2688,"Ssr","sandy clay loam",0,0,0.36,3.66,4.52,1.32,721.83
"435","Q9",322,5,312.155487,0.671144857,100,40,1.93,16.35,709,234,112,140,31,75,177,45,156,67,31,21,8124.72,8236.16,6602.97,2688,"Ssr","sandy loam",1,0,0.47,1.64,4.54,0.77,700.7
"436","Q10",296,12,329.375579,0.860524982,100,20,0,8.79,692,226,110,139,32,77,178,45,156,66,32,20,9612.13,8288.49,5204.24,3417,"Qrcp","sandy loam",1,0,0.48,2.15,5.53,1.04,813.92
"437","Q11",271,7,328.004882,0.848093246,100,0,0.57,12.62,677,220,108,139,33,78,179,45,156,66,33,20,9506.67,8314.05,5382.12,3417,"Qrcp","loamy sand",1,0,0.15,1.79,7.15,0.27,778.88
"438","Q12",261,4,346.186614,0.971078525,100,0,1.42,9.48,671,218,107,139,33,79,180,45,156,65,33,19,10686.72,8169.17,4068.45,3417,"Qrcp","loamy sand",1,0,0.07,2.6,8.17,0.18,846.71
"439","MTL1",748,30,61.711734,0.47390788,10,90,0,8.87,1037,359,153,149,13,47,155,46,149,79,12.73,41.03,1677.96,3954.09,5657.56,2688,"Ssr","sandy loam",1,0,0.33,3.43,2.17,1.15,667.42
"440","GRS1",413,3,183.431686,-0.998206877,100,0,3.62,10.5,782,270,118,147,27,70,176,45,155,69,27,23,1338.1,1716.23,4488.99,3921,"Qrcp","sandy loam",1,0,-0.48,1.19,5.55,-0.57,955.08
"441","GRS3",402,50,198.754257,-0.946906244,100,0,0,9.71,747,248,116,142,29,72,175,45,155,69,29,22.28,1412.34,2235.62,5136.96,2688,"Ssr","sandy loam",1,0,0.26,2.52,4.01,0.66,621.89
"442","GRS4",257,4,293.181701,0.393648338,100,0,1.66,13.55,673,222,106,141,33,79,182,45,157,65,33,19,6527.34,7913.26,7792.69,3417,"Qrcp","sandy loam",1,0,-0.23,4.69,6.29,-1.07,1078.18
"443","GRS5",238,2,263.874298,-0.106710105,100,0,4.96,12.89,664,220,105,141,34,80,183,45,157,64,34,18,4012.36,6519.81,8400.13,4191,"Qa","sandy clay loam",0,0,-0.43,6.09,5.97,-2.65,1427.57
"444","GRS12",499,48,217.878219,-0.789317548,100,0,0,6.74,851,305,121,151,23,66,176,46,154,70.83,23,24,1382.69,3229.3,6410.22,2688,"Ssr","sandy clay loam",0,0,-0.34,0.36,4.01,-0.12,823.15
"445","GRS13",282,6,310.807952,0.65352566,100,0,0,8.8,796,293,109,150,30,77,186,46,156,67,30,19,8027.68,8236.57,6719.98,2688,"Ssr","sandy loam",1,0,0.32,7.79,0.73,2.51,968.54
"446","GRS19",228,3,85.963729,0.070387966,100,0,1.49,13.48,755,281,104,152,31,80,191,46,157,65,31,17,401.09,455.5,583.64,2598,"Qrcp","sandy loam",1,0,-0.23,0.9,8.83,-0.21,610.64
"447","GRS20",199,5,46.011703,0.694511427,100,0,0,8.9,633,226,93,155,31,81,194,45,161,61,31,15,579.81,1576.1,3087.78,2598,"Qrcp","sandy loam",1,0,-0.12,-0.97,1.61,0.12,793.97
"448","GRS21",186,0,62.819919,0.456788692,100,0,0,11.25,596,210,90,156,31,82,196,44,162,59,31,14,517.79,1935.95,4661.19,2598,"Qrcp","sandy loam",1,0,-0.07,0.35,1.98,-0.02,686.46
"449","GRS22",227,7,24.032817,0.913312343,100,0,0.59,12.86,586,204,90,158,28,79,194,44,162,58,28,14,585.05,390.89,431.36,2598,"Qrcp","loamy sand",1,0,-0.15,3.06,2.4,-0.45,657.37
"450","GRS23",201,2,348.593688,0.980249394,100,0,2.53,19.16,555,192,87,158,29,81,196,44,163,55.82,29,14,436.07,951.8,610.78,2598,"Qrcp","loamy sand",1,0,-0.3,-0.81,1.62,0.24,560.22
"451","GRS24",231,21,246.19783,-0.403579949,100,0,0,8.96,587,204,90,158,28,79,194,44,162,58.49,27.98,14.02,1657.51,4631.3,7825.47,2688,"Ssr","loamy sand",1,0,-0.49,10.35,3.09,-5.03,809.39
"452","GRS25",243,12,204.924011,-0.906867491,100,0,0,9.22,595,208,91,157,28,79,193,44,162,59,28,14,618,1381.41,4173.52,2598,"Qrcp","loamy sand",1,0,-0.02,2.27,3.44,-0.05,737.43
"453","GPS11",408,7,46.64952,0.686459285,25,10,0,18.59,830,299,117,151,25,70,179,46,155,69,25.41,22,8216.08,8231.26,6492.9,2688,"Ssr","sandy loam",1,0,0.14,0.92,3.55,0.13,638.15
"454","GPS14",256,2,226.011993,-0.694507785,100,0,3.94,12.25,774,284,106,149,31,79,187,46,156,66,31,18,1625.2,3835.93,7013.22,3417,"Qrcp","sandy clay loam",0,0,-0.82,-1.21,4.7,0.99,890.07
"455","GPS16",237,2,185.887313,-0.994725554,100,0,4.86,13.94,743,270,104,149,31,80,188,45,157,65,31,18,1357.01,1769.53,4558.17,2688,"Ssr","sandy clay loam",0,0,-0.34,1.65,2.16,-0.56,787.15
"456","GPS17",219,0,254.780334,-0.262520392,100,0,5.99,15,718,256,103,147,33,81,188,45,157,65,33,18,3406.36,6082.67,8467.79,3292,"Qa","sandy clay loam",0,0,-0.34,4.65,4.42,-1.57,715.69
"457","GPS6",631,20,196.76889,-0.957476293,100,0,0,11.7,907,312,136,148,19,57,165,46,152,75,19,32,1408.33,2139.85,5027.12,2688,"Ssr","sandy clay loam",0,0,0.41,2.96,7.86,1.21,957.22
"458","gftop",454,51,258.573608,-0.198108859,5,95,0,9.66,791,261,123,140,27,68,169,45,153,71,27,25.93,3676.34,6300.35,8482.21,2688,"Ssr","loamy sand",1,0,0.12,-0.61,5.02,-0.07,628.42
