"","A_vernalis","A_capillaris","A_patens","A_pulsatilla","A_ramosum","A_vulneraria","A_cynanchica","A_tinctoria","B_laevigata","B_pinnatum","B_media","B_erectus","B_salicifolium","C_glomerata","C_rotundifolia","C_defloratus","C_caryophyllea","C_ericetorum","C_humilis","C_montana","C_pannonica","C_scabiosa","C_ratisbonensis","D_decumbens","D_cneorum","D_pentaphyllum","E_herbacea","E_cyparissias","E_verrucosa","F_rupicola","F_vulgaris","G_boreale","G_mollugo","G_verum","G_tinctoria","G_verna","G_cordifolia","G_punctata","H_ovatum","H_pratense","H_pubescens","H_comosa","I_hirta","K_pyramidata","L_hispidus","L_incanus","L_catharticum","L_perenne","L_corniculatus","L_corniculatus_hirsutus","P_oreoselinum","P_saxifraga","P_media","P_amarella","P_chamaebuxus","P_odoratum","P_alba","P_incana","P_grandiflora","R_saxatilis","R_aristatus","S_pratensis","S_minor","S_canescens","S_columbaria","S_officinalis","Teucrium_montanum","T_linophyllon","T_praecox","Trifolium_montanum","V_spicata","V_hirta"
"X03N01",1,1,2,2,11,2,2,2,2,4,1,1,1,1,1,1,1,1,8,1,2,2,1,1,1,2,2,2,1,1,2,1,1,1,1,1,1,1,1,1,1,3,1,1,1,1,2,1,2,1,2,1,1,1,1,1,1,2,3,1,2,2,1,2,1,1,1,1,2,1,1,1
"X03N02",1,1,2,5,12,1,2,1,2,9,1,1,2,1,1,1,1,1,6,1,1,3,2,1,1,2,1,2,1,1,2,1,1,1,1,1,1,1,2,1,1,1,1,1,1,1,1,1,2,1,2,1,1,1,1,1,1,1,3,1,2,3,1,1,1,1,2,1,1,1,1,1
"X03N03",1,1,1,1,8,1,1,2,1,4,1,2,1,1,1,1,1,1,8,1,3,2,1,2,1,2,1,2,1,1,2,1,1,2,1,1,2,1,2,1,1,2,1,1,1,1,1,1,1,1,2,2,1,1,1,1,1,2,2,1,1,3,1,1,1,2,1,2,2,1,1,2
"X03N04",1,1,1,1,9,1,2,1,2,1,1,2,2,1,1,1,1,1,7,1,2,2,1,2,1,1,1,1,1,1,2,9,1,1,1,1,1,1,1,1,2,1,1,1,2,2,1,1,2,1,2,2,1,1,1,1,1,2,4,1,2,2,1,2,2,2,1,2,1,3,1,2
"X03N05",1,1,1,2,10,1,2,1,2,4,1,2,2,1,1,1,2,1,7,1,1,2,1,3,1,1,1,1,1,1,3,1,1,1,1,1,1,1,2,1,2,2,1,1,1,1,2,1,1,1,3,2,1,1,1,1,1,1,3,1,2,2,1,1,2,1,1,2,2,1,1,1
"X03N06",1,1,1,1,9,1,1,2,1,6,1,4,1,1,2,1,1,1,7,1,2,3,1,2,2,2,1,2,1,1,2,1,1,1,1,1,1,1,2,1,1,2,1,1,1,1,2,1,1,1,2,1,1,1,1,1,1,2,4,1,2,1,1,2,1,2,1,1,1,2,1,3
"X03M01",1,1,5,1,5,2,1,1,2,1,2,2,4,1,1,1,4,2,6,1,1,3,1,1,1,3,1,2,1,1,4,1,1,1,2,1,5,1,2,1,1,2,4,1,2,2,2,2,2,1,2,1,1,1,4,2,1,3,1,1,2,1,1,2,1,2,1,1,1,2,1,1
"X03M02",1,1,5,2,6,1,2,1,1,3,1,1,2,1,2,1,1,1,6,1,2,2,2,2,2,2,4,1,2,1,3,1,1,1,1,1,3,1,3,1,2,2,4,1,2,1,2,1,2,1,2,2,2,1,4,1,1,2,2,1,2,2,1,2,1,2,1,1,2,2,1,2
"X03M03",1,1,5,2,7,2,1,2,1,2,2,1,3,2,1,1,3,2,7,1,2,2,1,2,1,1,1,2,1,2,4,1,1,1,2,1,6,1,1,1,1,2,3,2,3,3,2,3,1,2,2,1,1,2,6,1,1,4,1,1,2,1,1,2,1,1,1,2,1,2,2,1
"X03M04",1,1,4,4,7,2,2,2,2,1,3,2,2,1,1,1,4,1,6,1,2,2,2,1,1,1,1,2,2,1,3,1,1,1,1,1,5,2,1,1,1,1,2,1,4,2,2,2,2,1,2,1,1,1,1,1,1,4,2,1,2,2,1,2,1,1,2,2,1,1,1,2
"X03M05",1,1,4,2,6,2,2,1,2,2,3,2,2,1,1,1,2,2,6,1,2,2,1,1,2,2,1,2,1,1,2,1,1,1,1,1,6,1,1,1,1,2,4,1,1,1,2,2,3,1,2,2,1,1,6,1,1,1,2,1,2,1,1,1,1,1,1,2,2,1,1,1
"X03M06",1,1,4,3,5,4,2,1,2,2,1,1,3,1,2,1,1,5,7,1,2,2,2,2,1,1,1,2,1,1,3,1,1,1,2,1,3,3,1,1,1,1,2,1,1,2,1,2,1,2,2,1,2,2,3,2,1,4,1,1,1,2,1,2,1,1,2,2,1,2,1,2
"X03M07",1,1,4,4,9,2,1,1,2,2,2,1,2,1,2,1,1,3,6,1,2,2,1,1,1,1,10,2,2,1,2,1,1,1,2,1,1,1,2,1,1,2,2,1,2,2,1,2,1,1,2,1,2,1,7,1,1,1,2,1,2,2,1,1,1,3,1,1,1,2,1,1
"X03M08",1,1,5,1,10,2,2,1,2,5,1,2,3,1,1,1,1,1,5,2,4,2,1,1,1,2,1,2,3,1,2,1,1,1,1,1,1,1,2,1,1,1,1,1,2,1,2,2,2,1,2,1,1,2,7,1,1,2,4,1,2,1,1,1,1,3,1,2,2,2,1,1
"X03M09",1,1,5,1,7,1,2,1,1,6,1,2,2,1,2,1,1,1,1,2,4,2,1,1,1,1,4,2,2,1,2,1,1,1,2,1,1,1,1,1,1,2,1,1,1,1,1,1,2,1,3,1,1,2,9,1,1,2,2,1,2,1,1,1,1,4,1,2,1,2,1,2
"X03M10",1,1,5,1,9,1,2,1,2,1,1,1,1,1,2,1,1,1,9,1,4,2,1,2,1,1,1,2,2,1,2,1,1,1,2,1,2,1,2,1,1,2,1,1,1,1,1,2,1,2,2,1,2,1,5,1,1,2,4,1,2,1,1,1,1,4,2,2,2,2,2,1
"X03M11",1,1,5,2,10,2,2,1,2,4,1,2,1,1,1,1,1,3,7,1,2,2,1,1,1,1,1,2,1,1,2,1,1,1,1,1,1,1,2,1,1,2,1,1,1,2,2,1,2,1,2,1,2,1,4,1,1,2,4,2,2,1,2,1,1,3,1,2,2,2,2,1
"X03M12",1,1,4,2,10,1,2,1,2,2,1,2,1,1,1,1,1,2,7,1,2,3,2,1,1,1,1,1,2,1,2,1,1,1,2,1,2,1,2,1,1,2,1,1,2,3,2,1,1,1,2,1,2,1,6,1,1,2,3,1,2,1,1,1,1,3,2,2,2,2,1,2
"X03M13",1,1,2,2,10,3,2,2,2,3,1,1,3,1,1,1,1,1,6,1,2,3,1,1,1,2,1,2,3,1,2,1,1,1,3,1,3,1,3,1,1,2,3,1,1,2,1,2,1,1,2,1,1,1,4,1,1,3,2,1,2,2,1,3,1,2,2,2,1,1,1,2
"X03M14",1,1,2,1,5,1,2,1,2,7,1,3,1,1,1,2,1,3,5,1,2,4,2,2,1,2,6,2,1,1,3,1,1,1,1,1,5,1,4,1,1,4,1,1,3,3,2,1,1,1,2,1,1,1,5,1,1,1,1,1,2,1,2,1,2,2,2,3,2,2,1,2
"X03M15",1,1,2,1,6,3,2,1,1,4,1,3,4,1,1,1,2,1,6,1,2,3,1,2,1,2,3,2,1,1,2,1,1,1,1,1,4,1,4,1,1,2,2,1,4,3,1,2,2,1,2,1,1,1,6,1,1,3,1,1,2,1,1,2,2,3,4,2,2,2,1,1
"X03M16",1,1,2,1,12,1,2,1,2,2,1,1,3,1,1,1,1,1,6,1,2,3,1,1,1,1,1,2,2,1,2,1,1,1,2,1,4,1,3,1,1,2,4,1,1,1,2,2,2,1,2,1,1,1,2,1,1,4,2,1,2,2,1,1,1,3,2,2,2,2,1,2
"X03M17",1,1,3,1,10,2,2,2,2,4,1,2,2,1,1,1,1,1,5,1,2,3,2,1,1,2,1,2,1,1,2,1,1,1,2,1,1,1,3,1,1,1,2,1,1,2,1,2,1,1,2,1,2,2,5,1,1,2,1,4,2,2,1,1,2,1,1,3,2,2,1,1
"X03M18",1,1,2,1,7,2,2,2,2,2,2,1,2,1,1,1,1,1,7,1,3,2,2,1,1,1,1,2,2,1,2,1,1,1,1,1,3,1,2,1,1,2,2,1,2,1,1,1,1,1,2,1,1,1,2,1,1,2,1,1,2,2,1,1,1,2,2,2,2,2,2,2
"X03S01",1,1,2,2,7,2,2,1,1,2,1,2,3,1,1,1,1,1,7,1,1,1,1,1,1,2,1,2,1,1,2,1,1,1,2,1,4,2,1,1,1,2,2,1,2,2,1,2,1,1,2,1,1,1,5,1,2,2,2,1,2,1,1,1,1,2,2,1,1,1,1,2
"X03S02",2,1,3,2,9,1,2,1,2,4,1,2,3,1,1,2,1,1,8,1,2,1,1,1,1,3,1,1,2,1,2,1,2,1,2,1,4,1,1,1,1,2,3,1,1,1,1,1,1,1,3,1,1,1,5,1,2,2,1,1,2,2,1,1,1,2,1,2,1,1,1,2
"X03S03",1,1,3,1,7,1,2,1,2,5,1,1,4,1,1,3,1,1,12,1,1,1,2,1,1,2,1,2,2,1,2,2,1,1,2,2,1,1,3,1,1,1,4,1,2,2,1,2,2,1,2,1,1,1,5,1,1,2,2,1,2,1,1,1,1,2,1,2,1,2,1,2
"X03S04",1,1,4,1,9,1,2,1,2,4,1,1,4,1,1,2,1,1,9,1,2,2,1,1,1,2,1,2,2,1,2,1,1,1,2,1,1,1,1,1,1,2,2,1,1,4,1,1,2,1,2,1,2,1,6,1,1,2,2,1,1,1,1,1,1,1,1,2,2,2,1,2
"X03S05",1,1,5,1,9,1,2,1,5,5,1,1,3,1,2,2,1,1,9,1,2,2,1,1,1,2,1,2,1,1,2,1,1,1,2,1,1,2,2,1,1,1,2,1,1,2,1,2,4,2,2,1,1,1,8,1,1,2,1,1,1,1,1,1,1,2,1,1,1,1,1,2
"X03S06",1,1,4,1,12,1,2,2,5,1,1,2,3,1,1,3,1,1,10,1,2,2,1,1,1,2,1,2,2,1,2,1,1,1,2,2,4,1,2,1,1,2,1,1,1,2,1,2,2,1,2,1,1,1,5,1,1,1,1,1,1,2,1,1,1,1,2,1,1,1,1,2
"X03S07",1,1,2,1,8,2,2,1,2,4,2,1,1,1,1,1,1,1,10,1,2,1,1,1,1,2,12,1,2,1,2,1,1,1,2,2,5,1,2,1,1,2,1,1,2,4,1,1,2,1,2,2,1,1,4,1,2,1,1,2,2,1,1,1,1,2,1,1,1,2,1,2
"X03S08",1,1,2,2,6,1,3,2,2,4,1,1,3,1,1,4,1,2,9,1,2,3,1,1,1,3,2,2,1,1,2,1,1,1,2,1,1,1,4,1,1,2,4,1,1,4,1,2,1,1,3,1,1,1,10,1,1,2,1,1,1,1,1,1,1,2,1,1,1,1,1,1
"X03S09",2,1,1,1,7,1,2,1,3,6,1,1,3,1,1,3,1,3,10,2,2,3,1,1,1,3,3,2,1,1,2,1,1,1,2,1,1,1,3,1,1,2,2,1,1,1,1,1,2,1,2,1,1,1,5,1,2,1,1,1,1,1,1,2,1,1,1,1,2,1,1,1
"X03S10",1,1,2,3,7,1,1,1,1,4,1,1,4,1,1,2,1,2,10,1,2,1,1,1,1,2,2,2,4,1,1,1,1,1,2,1,1,2,3,1,1,2,1,1,2,3,1,1,2,1,4,1,1,1,4,1,1,2,1,1,2,1,1,1,1,1,1,2,1,1,1,1
"X03S11",1,1,2,2,2,1,2,1,1,1,1,1,4,1,1,4,1,2,8,1,2,2,1,1,1,2,2,2,3,1,2,1,1,1,4,2,1,1,2,1,1,2,2,1,1,1,1,1,2,1,3,1,2,1,4,6,1,2,1,1,2,2,1,1,1,2,1,1,2,1,1,1
"X03S12",1,1,3,5,8,1,2,1,2,3,1,1,3,1,1,4,1,1,11,1,3,2,1,1,1,2,1,2,2,1,2,1,1,1,4,1,1,1,3,1,1,1,1,1,1,1,1,1,2,1,2,1,1,1,6,1,2,2,1,2,1,2,1,1,1,1,1,2,1,1,1,1
"X03S13",1,1,3,2,8,1,1,1,2,5,1,1,4,1,1,3,1,1,9,1,2,2,1,1,1,1,1,1,2,1,2,1,1,1,2,3,4,1,2,1,1,1,7,1,1,1,1,2,2,1,3,1,1,1,6,1,1,2,1,1,1,2,1,1,1,2,1,2,1,1,1,2
"X03S14",1,1,3,1,6,1,1,2,2,6,1,1,4,1,1,4,1,1,8,1,1,1,1,1,1,1,1,2,2,1,2,2,2,1,2,4,4,1,3,1,1,2,2,1,2,3,1,2,4,2,3,1,1,1,1,4,1,2,1,1,4,1,1,1,1,1,2,1,2,1,1,1
"X03S15",1,1,3,2,5,1,2,1,2,4,3,4,4,1,1,5,1,1,10,1,1,2,1,1,1,2,1,1,2,1,2,1,2,1,4,1,5,1,2,1,1,2,2,1,1,3,1,1,4,1,2,1,1,1,7,1,2,2,1,1,1,1,1,1,1,1,1,1,1,2,1,1
"X03S16",1,1,3,3,6,1,2,1,2,6,2,3,6,1,1,4,2,1,11,1,1,1,1,1,1,2,1,2,2,1,2,1,1,1,3,1,6,1,2,1,1,2,1,1,1,3,1,2,4,1,3,1,1,1,10,2,2,2,1,1,1,1,1,1,1,2,1,1,1,2,1,2
"X03S17",1,1,4,2,5,1,1,2,2,4,3,2,5,1,1,6,1,1,8,1,2,2,1,1,1,1,1,2,1,1,2,1,1,1,3,1,10,1,2,1,1,2,1,1,3,3,2,1,4,1,3,1,1,1,6,2,2,3,1,1,2,1,1,1,1,2,1,1,1,2,1,1
"X03S18",1,1,4,2,3,1,1,2,2,4,3,1,4,1,1,1,1,1,7,1,1,2,2,1,1,1,1,2,1,1,2,1,2,1,2,1,9,1,3,1,1,2,2,1,1,5,1,1,6,1,4,1,1,1,6,2,1,2,1,1,2,1,1,1,1,2,2,2,2,3,1,1
"X18N01",1,1,1,1,9,1,1,2,1,3,1,2,1,1,1,1,2,1,8,1,2,3,1,2,1,2,1,2,1,2,3,1,1,1,1,1,1,1,2,2,1,1,1,2,1,1,1,1,1,1,2,1,1,1,1,1,1,2,2,3,1,1,1,2,1,2,1,1,1,1,1,1
"X18N02",1,2,1,2,8,1,2,2,1,5,2,3,1,1,1,1,1,2,7,1,3,3,1,2,1,2,1,2,2,3,3,1,1,2,1,1,1,1,2,2,1,2,1,1,1,1,2,1,1,1,3,2,1,1,1,1,1,2,3,1,2,2,1,1,1,2,1,1,1,2,1,3
"X18N03",1,1,1,1,5,1,2,2,2,4,2,3,2,1,1,1,1,2,9,1,4,4,2,2,1,3,1,2,1,3,3,1,1,1,1,1,1,1,2,1,1,2,1,2,1,1,1,1,1,1,3,1,1,1,1,1,1,1,4,1,2,3,1,1,1,4,1,1,1,1,1,3
"X18N04",1,1,1,1,2,1,2,2,1,10,1,2,1,1,1,1,1,1,5,1,1,1,1,2,1,2,1,1,2,4,4,4,2,1,1,1,1,1,2,2,1,1,1,2,1,1,1,1,1,1,1,1,1,1,1,1,1,2,2,1,1,2,1,1,1,3,1,2,1,2,1,3
"X18N05",1,1,1,1,7,1,1,2,1,4,2,1,1,1,1,1,1,1,9,1,4,4,1,2,1,2,1,1,2,3,3,1,1,1,1,1,1,1,2,2,1,2,1,2,1,1,1,1,1,1,3,1,1,1,1,1,1,1,1,1,1,1,1,2,3,1,1,1,1,1,1,2
"X18N06",1,1,1,1,4,1,1,2,1,5,1,5,1,1,1,1,1,1,8,1,4,3,1,1,1,4,1,2,1,5,4,1,2,1,1,1,1,1,2,3,1,1,1,3,1,1,1,1,1,1,1,1,1,1,1,1,1,3,1,1,1,2,1,1,1,2,1,1,1,1,1,2
"X18M01",1,1,2,1,4,2,2,1,2,5,2,2,1,1,1,2,1,1,8,1,2,4,1,2,1,4,1,1,1,1,2,1,1,1,2,1,2,2,1,2,1,1,5,1,3,2,1,2,2,2,2,1,1,1,2,2,1,2,4,1,2,2,1,3,2,2,2,1,1,3,1,2
"X18M02",1,1,2,1,6,2,1,1,1,4,2,2,1,1,1,1,1,1,9,1,2,1,1,2,1,2,7,2,1,1,3,1,1,1,1,1,2,1,2,1,1,2,4,1,4,2,1,1,1,1,2,1,1,1,2,1,1,2,4,1,2,1,1,1,1,3,2,2,3,1,1,1
"X18M03",1,1,2,1,6,1,2,1,1,6,2,2,2,1,1,1,1,1,8,1,1,2,1,2,1,3,1,2,1,1,3,1,1,1,1,1,3,1,1,1,1,2,4,1,1,2,1,2,1,1,2,2,1,1,1,2,1,4,3,1,2,1,1,1,1,1,2,1,2,1,1,1
"X18M04",1,2,2,1,5,1,2,2,1,8,2,2,2,1,1,1,1,1,7,1,2,3,1,2,1,1,1,1,1,1,2,1,1,1,1,1,1,3,1,2,1,2,2,1,2,1,1,2,1,1,3,1,1,1,2,1,1,2,4,1,1,1,1,2,1,1,2,2,2,1,1,1
"X18M05",1,1,2,1,4,1,2,1,1,7,2,2,3,1,1,1,1,1,8,1,3,2,2,2,1,4,1,2,1,2,3,1,1,1,2,1,2,2,1,1,1,2,4,1,1,2,1,2,2,1,2,1,1,1,2,1,1,2,2,1,1,1,1,1,1,1,2,1,2,2,1,2
"X18M06",1,1,3,3,4,2,2,1,2,6,2,3,2,1,1,1,1,1,7,1,4,3,2,2,1,2,1,1,2,2,2,1,1,1,2,1,2,2,1,2,1,2,3,2,2,3,1,1,2,1,2,1,2,1,1,1,1,4,2,1,1,2,1,2,1,1,3,1,2,1,1,1
"X18M07",1,1,1,2,8,2,2,1,2,4,2,2,2,1,1,1,2,1,8,2,2,2,1,2,1,1,5,2,2,1,2,1,1,1,2,1,1,1,2,1,1,2,3,1,2,1,2,1,1,1,2,1,1,1,4,1,1,1,2,1,2,2,1,1,1,3,1,1,2,2,1,1
"X18M08",1,1,2,1,6,2,2,1,1,6,2,3,2,1,1,1,1,1,7,6,2,1,1,2,1,1,1,2,2,1,2,1,1,1,1,1,1,1,2,2,1,1,1,2,1,1,1,2,1,1,3,1,1,1,1,1,1,1,2,1,2,2,1,2,1,2,1,2,1,2,1,1
"X18M09",1,1,2,1,6,1,2,2,1,3,2,2,2,1,1,1,2,1,7,7,2,2,1,2,1,1,6,1,3,2,2,1,1,1,2,1,1,1,2,2,1,2,1,1,2,1,1,2,2,1,3,1,1,1,3,1,1,2,2,1,2,1,1,1,1,2,1,2,1,2,1,2
"X18M10",1,2,2,2,6,1,2,2,2,5,2,2,2,1,1,1,1,1,8,2,3,2,2,2,1,1,1,2,1,1,2,1,1,1,2,1,1,1,2,1,1,2,2,1,1,1,1,2,1,2,2,2,2,1,3,1,1,2,2,1,2,1,1,2,2,3,2,2,2,2,1,1
"X18M11",1,1,2,2,7,2,2,1,2,4,1,2,2,1,1,1,1,1,8,1,2,2,2,2,1,1,1,2,2,2,2,1,1,1,1,1,3,2,2,2,1,2,1,1,2,1,1,2,2,1,2,2,2,1,2,1,1,2,2,1,2,1,1,2,1,2,2,1,1,2,1,1
"X18M12",1,1,1,1,7,1,2,2,2,4,1,2,2,1,1,1,1,1,7,3,2,2,2,2,1,2,1,2,2,2,2,1,1,1,2,1,1,1,2,2,1,1,3,2,2,1,1,2,1,1,3,1,2,1,2,1,1,2,3,1,2,1,1,1,1,2,1,1,1,2,1,2
"X18M13",1,1,2,2,8,2,2,1,2,2,2,2,2,1,1,1,1,1,7,1,3,2,2,2,1,2,1,2,2,2,3,1,1,1,2,1,4,1,4,1,1,2,3,1,2,2,1,2,1,1,2,1,1,1,3,1,1,2,1,1,2,1,1,1,1,2,2,1,1,2,1,2
"X18M14",1,1,1,1,6,1,1,1,1,3,1,3,1,1,1,1,1,1,10,1,2,2,1,2,1,2,4,2,2,1,2,1,1,1,1,1,1,1,2,1,1,2,3,2,2,1,1,1,1,1,2,1,1,1,2,3,1,1,1,1,2,1,1,2,1,2,2,1,2,1,1,1
"X18M15",1,1,1,1,5,1,2,2,2,4,2,3,2,1,1,1,1,1,10,1,2,2,1,2,1,1,6,2,1,2,2,1,1,1,1,1,3,1,2,2,1,2,2,1,3,2,2,1,2,2,2,1,1,1,2,2,1,2,1,1,2,1,1,1,1,2,2,1,2,2,1,1
"X18M16",1,1,2,1,9,1,1,1,1,2,2,2,2,1,1,1,2,1,8,1,2,2,1,2,1,1,1,1,1,1,2,1,1,1,1,1,2,1,2,1,1,2,2,1,1,3,1,2,1,1,2,1,1,1,3,1,1,2,1,1,2,1,1,2,1,2,3,1,2,2,1,1
"X18M17",1,1,2,1,7,1,2,2,2,4,2,3,2,1,1,1,1,1,8,1,3,3,2,2,1,1,1,2,1,1,2,1,1,1,2,1,2,2,2,2,1,2,2,1,1,2,1,2,1,2,2,1,1,1,2,1,1,2,1,1,2,1,1,1,1,1,2,2,1,2,1,2
"X18M18",1,1,2,1,8,1,2,1,2,3,2,2,2,1,1,1,1,1,9,1,2,2,1,2,1,1,1,2,2,2,2,1,1,1,1,1,2,1,2,1,1,1,2,1,2,1,1,1,1,1,2,1,1,1,2,1,1,2,2,1,2,2,1,1,1,2,3,1,2,2,1,2
"X18S01",2,1,1,1,7,1,2,1,1,6,2,3,1,1,1,1,2,2,6,1,2,1,1,2,1,3,1,2,1,1,3,2,1,1,2,1,3,3,2,1,1,1,3,1,1,1,1,1,1,1,2,1,1,1,2,1,2,5,4,1,2,1,2,2,1,3,2,1,2,1,1,1
"X18S02",2,2,1,2,6,1,2,2,2,6,2,3,3,1,1,1,1,1,6,3,3,2,1,2,1,3,1,2,1,3,3,2,1,1,2,1,1,1,4,1,1,2,3,1,1,2,1,1,1,1,2,1,1,1,2,1,3,2,1,1,1,2,1,2,1,3,1,1,1,1,1,2
"X18S03",1,1,1,2,6,1,2,1,2,5,1,3,1,1,1,1,1,1,7,1,1,1,1,1,1,1,1,1,1,3,2,1,1,1,2,1,1,2,3,1,1,1,3,1,1,3,1,1,1,1,3,1,1,1,1,2,1,1,1,1,1,1,1,1,1,1,1,2,1,1,1,2
"X18S04",1,1,1,1,8,1,1,1,2,4,2,3,2,1,1,1,1,1,8,3,2,2,1,2,1,2,1,2,2,1,2,1,1,1,2,1,1,1,3,1,1,2,2,1,1,1,1,2,2,1,3,2,1,1,2,1,1,2,2,2,1,1,1,1,1,2,1,2,2,2,1,2
"X18S05",1,2,3,1,7,2,2,2,2,5,2,2,4,1,1,1,1,1,7,4,4,2,3,2,1,2,1,2,2,2,3,1,1,1,2,1,1,1,3,1,1,4,3,1,1,1,1,2,1,1,3,1,2,1,2,1,2,4,1,1,2,1,1,1,1,2,1,1,1,1,1,1
"X18S06",1,1,2,3,7,1,1,1,2,4,2,3,4,1,1,3,1,1,7,5,3,3,2,2,1,1,1,1,2,1,2,1,1,1,2,1,2,1,4,1,1,3,2,1,1,1,1,2,2,1,3,1,2,1,2,1,2,4,1,1,1,1,1,1,1,2,2,2,1,2,1,2
"X18S07",1,1,1,1,6,2,2,1,2,5,2,2,2,1,1,4,1,1,7,1,4,1,1,2,2,3,7,1,2,2,2,1,1,1,2,1,3,1,2,1,1,3,1,1,2,2,1,1,2,1,2,1,2,1,3,1,1,2,1,3,2,1,1,2,1,2,3,1,2,1,1,2
"X18S08",1,1,1,2,6,2,2,1,1,5,2,2,3,1,1,3,1,2,7,1,4,3,1,2,1,4,5,2,2,1,3,1,1,1,2,1,1,1,2,2,1,2,3,1,1,2,1,1,1,1,3,1,1,1,4,1,1,3,1,1,2,1,1,1,1,3,1,1,1,1,1,1
"X18S09",1,2,1,1,5,1,2,1,2,6,2,2,1,1,1,3,2,2,7,1,4,3,2,2,1,3,5,2,4,2,2,1,1,1,2,1,2,1,1,2,1,2,2,1,2,1,1,2,1,1,3,1,1,1,3,1,1,1,2,2,2,1,1,1,1,2,1,1,2,1,1,2
"X18S10",1,1,1,2,5,1,2,1,1,4,1,3,3,1,1,4,1,1,8,1,3,3,1,2,1,3,5,2,3,2,2,1,1,1,2,1,1,1,2,2,1,1,1,1,1,1,1,1,1,1,3,1,1,1,2,2,4,1,1,1,3,1,1,1,1,2,1,2,2,1,1,2
"X18S11",1,1,1,2,5,1,2,1,1,7,2,3,2,1,1,5,1,2,6,1,2,3,1,1,1,3,1,1,3,2,2,1,1,1,2,1,1,2,2,1,1,1,1,1,1,1,1,1,2,1,2,1,1,1,2,2,2,2,2,2,2,2,1,1,1,2,1,2,1,1,1,2
"X18S12",2,1,1,1,3,1,2,1,1,6,2,3,1,1,1,2,1,1,7,1,2,2,4,1,1,2,2,1,3,2,2,1,1,1,2,1,1,1,2,2,1,3,1,1,1,1,1,1,1,1,2,1,1,1,1,7,2,2,1,1,1,3,1,1,1,2,1,1,1,1,1,2
"X18S13",1,1,1,1,6,1,2,1,1,5,2,4,1,2,1,1,1,1,8,1,2,2,2,2,1,1,1,1,1,2,2,1,1,1,2,1,1,1,4,2,1,2,4,2,1,1,1,2,1,1,3,2,1,1,1,1,2,4,2,1,1,2,1,1,1,1,1,1,2,1,1,2
"X18S14",1,1,2,1,3,2,2,1,1,3,2,2,1,2,1,2,1,1,8,1,2,1,1,2,1,1,1,1,1,2,2,2,1,1,2,2,5,1,3,1,1,3,3,2,1,2,1,2,2,1,3,1,1,1,1,4,1,3,2,3,1,1,1,1,1,1,5,1,5,1,1,2
"X18S15",1,1,2,1,2,2,2,1,2,6,2,4,1,1,1,2,1,2,8,1,1,1,2,2,2,3,1,2,1,2,2,2,1,1,2,1,4,1,2,2,1,2,2,1,2,1,1,1,2,2,3,1,1,1,2,3,2,3,1,1,1,1,1,1,2,2,2,1,2,1,1,1
"X18S16",1,1,1,1,2,1,2,2,3,4,2,3,1,1,2,3,1,1,9,1,1,2,2,1,1,4,1,1,2,2,3,2,1,1,2,1,2,1,4,1,1,1,1,1,1,1,1,1,1,1,2,1,1,1,1,5,3,4,1,5,1,1,1,1,1,1,2,1,2,2,1,2
"X18S17",1,1,1,1,3,1,2,1,1,5,2,5,1,1,1,2,1,1,9,1,1,1,4,1,1,1,1,1,2,1,2,2,2,2,2,1,1,1,2,2,1,2,1,3,2,1,1,1,1,1,2,1,1,1,1,1,2,4,1,1,1,1,1,1,1,1,1,1,2,1,1,2
"X18S18",1,1,1,1,2,1,2,1,1,3,2,5,1,1,2,1,1,1,7,1,1,1,2,1,2,1,1,2,4,3,3,3,1,1,2,1,1,1,5,2,1,2,1,1,1,1,1,1,1,1,2,1,1,1,1,5,2,5,1,1,1,1,1,1,1,1,2,1,3,1,1,2
