"","measurementID","Tubificoides.benedii","Aphelochaeta.marioni","Eteone.longa","Limecola.balthica","Limnodrilus","Heteromastus.filiformis","Cerastoderma.edule","Urothoe.poseidonis","Hediste.diversicolor","Peringia.ulvae","Pygospio.elegans","Alitta.succinea","Scoloplos.armiger","Crangon.crangon","Phyllodoce.mucosa","Retusa.obtusa","Eunereis.longissima","Corophium.arenarium","Bivalvia","Bathyporeia.sarsi","Carcinus.maenas","Capitella.capitata","Arenicola.marina","Streblospio.benedicti","Baltidrilus.costatus","Oligochaeta","Magelona.johnstoni","Capitella","Nereididae","Nephtys","Lanice.conchilega","Eumida.sanguinea","Scrobicularia.plana","Tharyx.killariensis","Eumida","Cirrophorus","Mya.arenaria","Spio.martinensis","Spiophanes.bombyx","Nephtys.caeca","Bathyporeia","Nephtys.hombergii","Enchytraeidae","Spionidae","Manayunkia.aestuarina","Polydora.cornuta","Dolichopodidae","Grania","Urothoe","Aphelochaeta","Tubificoides.pseudogaster","Monopylephorus.irroratus","Pholoe.baltica","Bathyporeia.elegans","Eunereis","Corophium","Coleoptera","Urothoe.pulchella"
"1","Nor_TA_II_spr_148",0.0321,0.0025,0.0016,1e-04,0.0024,0.8103,1.0042,0,0.3073,0.1929,0.0315,0,0,0,0,0,0,0,0,0,0,0,0,0,0,0,0,0,0,0,0,0,0,0,0,0,0,0,0,0,0,0,0,0,0,0,0,0,0,0,0,0,0,0,0,0,0,0
"2","Nor_TA_II_spr_147",0.0365,0.0021,0.0071,0.0028,0,0.6209,8.1538,0.0032,0.0587,0.1345,0.0142,0,0.0122,0,0,0,0,0,0,0,0,0,0,0,0,0,0,0,0,0,0,0,0,0,0,0,0,0,0,0,0,0,0,0,0,0,0,0,0,0,0,0,0,0,0,0,0,0
"3","Nor_TA_II_spr_146",0.0443,0.0023,0.0013,0.0024,0.0037,0.5727,1.1627,0,0,0.1425,0.02,0.231,0,0,0,0,0,0,0,0,0,0,0,0,0,0,0,0,0,0,0,0,0,0,0,0,0,0,0,0,0,0,0,0,0,0,0,0,0,0,0,0,0,0,0,0,0,0
"4","Nor_TA_II_sum_58",0.0074,0.0568,0.008,0.0026,2e-04,0.3833,1.418,0,0,0.2611,0.0118,0,0.0549,0,5e-04,0,0.2162,0.0032,0,0,0,0,0,0,0,0,0,0,0,0,0,0,0,0,0,0,0,0,0,0,0,0,0,0,0,0,0,0,0,0,0,0,0,0,0,0,0,0
"5","Nor_TA_II_sum_57",0.0188,0.0414,0.0023,0.0032,0,0.3726,4.639,0,0.0665,0.1763,0.0318,0,0.002,0,1e-04,1e-04,0.0555,0.0079,0,0,0,0,0,0,0,0,0,0,0,0,0,0,0,0,0,0,0,0,0,0,0,0,0,0,0,0,0,0,0,0,0,0,0,0,0,0,0,0
"6","Nor_TA_II_sum_56",0.0274,0.0488,0.0015,0.0028,7e-04,0.6386,6.4463,0,0.0102,0.2654,0.0035,0,0.0056,0.0437,0.001,0,0,0.002,0,0,0,0,0,0,0,0,0,0,0,0,0,0,0,0,0,0,0,0,0,0,0,0,0,0,0,0,0,0,0,0,0,0,0,0,0,0,0,0
"7","Nor_TA_III_spr_143",0.0397,0.0066,0.0018,0.4666,0,0.0735,4.571,0,0.244,0.0691,0.0094,0,0.0293,0,0,0.0052,0,0,0,0,0,0,0,0,0,0,0,0,0,0,0,0,0,0,0,0,0,0,0,0,0,0,0,0,0,0,0,0,0,0,0,0,0,0,0,0,0,0
"8","Nor_TA_III_spr_145",0.0664,0.0086,0.0044,0,0.0031,0.2416,0,0,0.401,0.0765,0.0056,0.0327,0.0254,0,0,0.006,0,0,0,0.0061,0,0,0,0,0,0,0,0,0,0,0,0,0,0,0,0,0,0,0,0,0,0,0,0,0,0,0,0,0,0,0,0,0,0,0,0,0,0
"9","Nor_TA_III_spr_144",0.0501,0.0059,0.0022,0.1618,0.0029,0.2087,3.065,0,0.1505,0.067,0.0067,0,0,0,0,0.0028,0,0,5e-04,0,0,0,0,0,0,0,0,0,0,0,0,0,0,0,0,0,0,0,0,0,0,0,0,0,0,0,0,0,0,0,0,0,0,0,0,0,0,0
"10","Nor_TA_III_sum_54",0.0254,0.0237,0.0029,0.1168,0,0.1425,0.0045,0,0.1695,0.1106,0.004,0,0.0091,0,0,0.0087,0.0619,0.008,0,0,0.0075,1e-04,0,0,0,0,0,0,0,0,0,0,0,0,0,0,0,0,0,0,0,0,0,0,0,0,0,0,0,0,0,0,0,0,0,0,0,0
"11","Nor_TA_III_sum_55",0.0672,0.0113,0.0016,2e-04,0,0.2001,1.8424,0,0.2362,0.077,0.005,0,0,0.0155,0,0.0105,0,0.0056,0,0,0,0,0,9e-04,0,0,0,0,0,0,0,0,0,0,0,0,0,0,0,0,0,0,0,0,0,0,0,0,0,0,0,0,0,0,0,0,0,0
"12","Nor_TA_III_sum_53",0.054,0.0116,0.0043,0.017,0,0.1147,14.0836,0,0.0035,0.0321,0.0091,0,0,0.0268,0,0.0122,0,0.0077,0,0,0.0204,0,0.354,0,0,0,0,0,0,0,0,0,0,0,0,0,0,0,0,0,0,0,0,0,0,0,0,0,0,0,0,0,0,0,0,0,0,0
"13","Nor_TA_IV_spr_141",0.0448,0.0042,0.0228,0.725,0.0022,0.266,0.0739,0,0,0.547,0.0739,0,1e-04,0,0,0.0014,0,0,0,0,0,0,0.03,0,9e-04,0.0016,0.0032,0.0045,0.0022,0,0,0,0,0,0,0,0,0,0,0,0,0,0,0,0,0,0,0,0,0,0,0,0,0,0,0,0,0
"14","Nor_TA_IV_spr_140",0.0416,0.0055,0.00093,0.1565,0.0133,0.1955,1.7749,0,0.2277,0.3321,0.176,0,0,0,0,5e-04,0,0,0,0,0,0,0.0029,0,0.0133,0,0,0.031,8e-04,0,0,0,0,0,0,0,0,0,0,0,0,0,0,0,0,0,0,0,0,0,0,0,0,0,0,0,0,0
"15","Nor_TA_IV_spr_142",0.0435,0.0028,0.0152,0,0.0022,0.347,0,0,0.0309,0.263,0.1032,0,0,0,0,0.0012,0,0,8e-04,0,0,0,0,0,0.0027,0,0,0,0.0051,0,0,0,0,0,0,0,0,0,0,0,0,0,0,0,0,0,0,0,0,0,0,0,0,0,0,0,0,0
"16","Nor_TA_IV_sum_50",0.0606,0.0524,0.0633,0.0941,0,0.0466,0,0,0,0.8455,0.0525,0,0.0124,0,0,0.0054,0.0124,0,0,0,0,0,0.063,0,0.008,0,0,0.008,0,0,0,0,0,0,0,0,0,0,0,0,0,0,0,0,0,0,0,0,0,0,0,0,0,0,0,0,0,0
"17","Nor_TA_IV_sum_52",0.0543,0.0334,0.0175,0.2341,0,0,0,0,0,0.3689,0.0428,0,0.2682,0,0,0.0038,0.0026,6e-04,0,0,0.0091,0,0.1325,0,0.0036,0,0,0.0106,0,0,0,0,0,0,0,0,0,0,0,0,0,0,0,0,0,0,0,0,0,0,0,0,0,0,0,0,0,0
"18","Nor_TA_IV_sum_51",0.064,0.0439,0.0287,0.0445,0,0.0128,0,0,0,0.3987,0.0376,0,0.1228,0.0083,0.0144,0.008,0.0017,0,0,0,0.0221,0,0.0421,0,0.0018,0,0,0.0019,0,0,0,0,0,0,0,0,0,0,0,0,0,0,0,0,0,0,0,0,0,0,0,0,0,0,0,0,0,0
"19","Nor_TB_II_spr_137",0.0509,0.0248,0.0106,2e-04,0.0081,0.6872,15.1305,0,0.4067,0.016,0.0015,0.0616,0,0,0,0,0,0,0,0,0,0,0,0,0,0,0,0,0,0,0,0,0,0,0,0,0,0,0,0,0,0,0,0,0,0,0,0,0,0,0,0,0,0,0,0,0,0
"20","Nor_TB_II_spr_135",0.0948,0.0556,0.0116,4e-04,0.0013,0.82,16.3516,0,0.0883,0.0141,0.0037,0,0,0,0,0,0,0,0,0,0,0,0,0,0,0,0,0,0,0,0,0,0,0,0,0,0,0,0,0,0,0,0,0,0,0,0,0,0,0,0,0,0,0,0,0,0,0
"21","Nor_TB_II_spr_136",0.0957,0.0679,3e-04,1e-04,0.0017,0.7628,25.2461,0,0.2257,0.0023,0.0025,0,0,0,0,0,0.0411,0,0,0,0,0,0,0,0,0,0,0,0,0,0,0,0,0,0,0,0,0,0,0,0,0,0,0,0,0,0,0,0,0,0,0,0,0,0,0,0,0
"22","Nor_TB_II_sum_47",0.0757,0.0325,5e-04,0.0038,0.002,0.5787,19.9703,0,0.0185,0.0492,0.0022,0,0,0,1e-04,4e-04,0.172,0,0,0,0,0,0,0,0,0,0,0,0,0,0,0,0,0,0,0,0,0,0,0,0,0,0,0,0,0,0,0,0,0,0,0,0,0,0,0,0,0
"23","Nor_TB_II_sum_49",0.0635,0.0212,0.0037,0.0095,3e-04,0.7184,31.134,0,0.043,0.0614,0.0022,0.1938,0,0,1e-04,0,0,0,1e-04,0,0,0,0,0,0,6e-04,0,0,0,0,0,0,0,0,0,0,0,0,0,0,0,0,0,0,0,0,0,0,0,0,0,0,0,0,0,0,0,0
"24","Nor_TB_II_sum_48",0.0699,0.0392,0.0015,0.0099,0.0058,0.8193,11.3164,0,0.3369,0.069,0,0,3e-04,0,0.0014,0,0,0,1e-04,0,0,0,0,0,0,1e-04,0,0,0,0,0,0,0,0,0,0,0,0,0,0,0,0,0,0,0,0,0,0,0,0,0,0,0,0,0,0,0,0
"25","Nor_TB_III_spr_134",0.0306,0,0,0.0251,0,0,14.8862,0,0,0.5907,0,0,0.1149,0,0,1e-04,0,0.0206,0,0,0,0,0,0,0,0,0,0.0031,1e-04,0,0,0,0,0,0,0,0,0,0,0,0,0,0,0,0,0,0,0,0,0,0,0,0,0,0,0,0,0
"26","Nor_TB_III_spr_132",0.0358,0,0,0.4704,0,0.1315,11.1764,0.028,0.1553,0.2966,0.0019,0,0.1031,0,0,0,0,0,0,0,0,0,0.4389,0,0,0,0,0.0076,0.0088,0.0017,0,0,0,0,0,0,0,0,0,0,0,0,0,0,0,0,0,0,0,0,0,0,0,0,0,0,0,0
"27","Nor_TB_III_spr_133",0.0223,8e-04,2e-04,0,0.0022,0,13.619,0.0055,0.2624,0.4614,0.0074,0,0.0738,0,0,4e-04,0,0,0,0,0,0,0,0,0,0,0,0,0,0,0.1821,0,0,0,0,0,0,0,0,0,0,0,0,0,0,0,0,0,0,0,0,0,0,0,0,0,0,0
"28","Nor_TB_III_sum_45",0.1224,2e-04,0.0051,0.1724,3e-04,0.0842,6.661,0,0,0.0455,9e-04,0,0.3189,0,0,0.007,0.0253,0.0023,0,0,0,0,0,0,0,0,0,0,0,0,0,0,0,0,0,0,0,0,0,0,0,0,0,0,0,0,0,0,0,0,0,0,0,0,0,0,0,0
"29","Nor_TB_III_sum_46",0.0253,1e-04,0.0012,0.3819,1e-04,0.0359,17.4658,0,0,0.0251,0,0,0.4233,0,0.0012,1e-04,0.0146,8e-04,0,0,0.0025,0,0,0,0,0,0,0,0,0,0.0072,0,0,0,0,0,0,0,0,0,0,0,0,0,0,0,0,0,0,0,0,0,0,0,0,0,0,0
"30","Nor_TB_III_sum_44",0.1005,0,0.002,0.4965,0,0.0024,4.0105,0,0.9273,0.1031,7e-04,0.1341,0.1905,0,0,0.0038,0.1494,0.0024,0,0,0,0,0,0,0,0,0,0,0,0,0.0042,1e-04,0,0,0,0,0,0,0,0,0,0,0,0,0,0,0,0,0,0,0,0,0,0,0,0,0,0
"31","Nor_TB_IV_spr_129",0.0206,0.0017,0.01,0.3572,0.0057,0,2.9517,0.0042,0.4226,0.1835,0.0275,0,0.0987,0,0,0.001,0.0183,0,7e-04,0,0,0.0055,1.5161,0,0,0,0,0,0.0024,0,0,0,0,0,0,0,0,0,0,0,0,0,0,0,0,0,0,0,0,0,0,0,0,0,0,0,0,0
"32","Nor_TB_IV_spr_130",0.0421,5e-04,0.0043,0.0101,0.0224,0.0512,0.7105,0.0116,0.9973,0.247,0.0146,0,0.036,0,0,9e-04,0,0,0,0,0,0.0177,0,0,0,0,0,0,0.0015,0,0,0,0,0,0,0,0,0,0,0,0,0,0,0,0,0,0,0,0,0,0,0,0,0,0,0,0,0
"33","Nor_TB_IV_spr_131",0.0136,9e-04,9e-04,0.042,0.0096,0.0036,7.3614,0.0128,0.2484,0.1295,0.002,0,0.2008,0.0066,0.0222,0.0136,0,0,0,0,0,0.0269,0.2793,0,0,0,0,0,6e-04,0,0,0,0,0,0,0,0,0,0,0,0,0,0,0,0,0,0,0,0,0,0,0,0,0,0,0,0,0
"34","Nor_TB_IV_sum_41",0.027,4e-04,0.0211,0.0211,0.001,0,0.1602,0,0,0.1729,0.0326,0,0.0673,0,0,9e-04,0.0541,0.0016,0,0,0,0,0.1184,0,0,0,0,0.0037,2e-04,0,0,0,0,0,0,0,0,0,0,0,0,0,0,0,0,0,0,0,0,0,0,0,0,0,0,0,0,0
"35","Nor_TB_IV_sum_43",0.0395,5e-04,0.0166,0.7642,0.0024,0.0317,0.4749,0,0,0.1972,0.0192,0,0.2399,0,0,0.0011,0.0015,0.0052,0,0,0,0,0.0088,0,0,0,0,0.002,0,0,0,0,0,0,0,0,0,0,0,0,0,0,0,0,0,0,0,0,0,0,0,0,0,0,0,0,0,0
"36","Nor_TB_IV_sum_42",0.0601,6e-04,0.0185,0.0896,0.0044,0,0.3156,0,0.3765,0.0598,0.0634,0,0.0227,0,0,0.0028,0.004,0.0096,0,0,0.0084,0,0,0,0,0,0,0.001,2e-04,0,0,0,0,0,0,0,0,0,0,0,0,0,0,0,0,0,0,0,0,0,0,0,0,0,0,0,0,0
"37","Nor_TC_II_spr_126",0.0218,0.0706,1e-04,0.536,0.0539,1.0151,32.4041,0,0.6482,0,2e-04,0,0,0,0,0,0,0,0,0,0,0,0,0,0,0,0,0,0,0,0,0,0,0,0,0,0,0,0,0,0,0,0,0,0,0,0,0,0,0,0,0,0,0,0,0,0,0
"38","Nor_TC_II_spr_127",0.0158,0.0421,2e-04,0.0099,0.0712,1.022,108.2299,0,0.8047,0,0,0.0659,0,0,0,0,0,0,0,0,0,0,0,0,0,0,0,0,1e-04,0,0,0,5.7671,0,0,0,0,0,0,0,0,0,0,0,0,0,0,0,0,0,0,0,0,0,0,0,0,0
"39","Nor_TC_II_spr_128",0.0095,0.0146,0.0152,0,0.084,0.7995,68.9519,0,0.7454,0,0,0.0163,0,0,0,0,0,0,6e-04,0,0,0,0,0,0,0,0,0,2e-04,0,0.3972,0,4.04,0,0,0,0,0,0,0,0,0,0,0,0,0,0,0,0,0,0,0,0,0,0,0,0,0
"40","Nor_TC_II_sum_40",0.0163,0.0691,0.0036,1e-04,0.0271,1.0346,34.7244,0,0.0174,3e-04,0,0,0,0,0,0,0,0,0,0,0,0,0,0,0,0.0105,0,1e-04,0,0,0,0,3.1898,0,0,0,0,0,0,0,0,0,0,0,0,0,0,0,0,0,0,0,0,0,0,0,0,0
"41","Nor_TC_II_sum_39",0.012,0.0374,0.0032,0.0037,0.0104,0.8758,74.1363,0,0,4e-04,0,0.2108,0,0,0,0,0,0,1e-04,0,0,0,0,0,0,0.0027,0,0,0,0,0,0,0,0,0,0,0,0,0,0,0,0,0,0,0,0,0,0,0,0,0,0,0,0,0,0,0,0
"42","Nor_TC_II_sum_38",0.022,0.03,0.008,0.0078,0.0307,0.6869,31.893,0,0.0167,0.0016,0,0.0899,0,0,0,0,0,0,0,0,0,0,0,0,0,0.016,0,8e-04,0,0,0,0,5.5665,0.0013,0,0,0,0,0,0,0,0,0,0,0,0,0,0,0,0,0,0,0,0,0,0,0,0
"43","Nor_TC_III_spr_124",0.0333,0,0.0093,0.4203,5e-04,0.1802,19.4721,0.0029,0.277,0.0434,0.0038,0.1342,0.1318,0.0038,0,6e-04,0,0,2e-04,0,0,0,0,0,0,0,0,0.0134,0.0011,0,0,0,0,0,0,0,0,0,0,0,0,0,0,0,0,0,0,0,0,0,0,0,0,0,0,0,0,0
"44","Nor_TC_III_spr_122",0.0492,2e-04,0.0067,0.0124,0,0.0874,35.0976,0,0.0863,0.0174,0.0036,0.1883,0.2419,0,0,6e-04,0,0.0031,0,0,0,0,0,0,0,3e-04,0,0.0031,8e-04,0,0,0,0,0,0,0,0,0,0,0,0,0,0,0,0,0,0,0,0,0,0,0,0,0,0,0,0,0
"45","Nor_TC_III_spr_123",0.0646,0,0.0096,0.3605,5e-04,0.0623,18.1184,0,0.8084,0.0616,0.0025,0,0.0914,0,1e-04,0.0014,0,0,0,0,0,0,0,4e-04,0,0,0,0.0159,2e-04,0,0,0,0,0,1e-04,0,0,0,0,0,0,0,0,0,0,0,0,0,0,0,0,0,0,0,0,0,0,0
"46","Nor_TC_III_sum_35",0.1008,0,0.061,0.0161,0,0.0635,9.4368,0,0.2706,0.0136,0,0,0.1328,0,0,0,0.0602,0.0046,0,0,0,0,0,0,0,0,0,0,0,0,0,0,0,0,0,0,0,0,0,0,0,0,0,0,0,0,0,0,0,0,0,0,0,0,0,0,0,0
"47","Nor_TC_III_sum_36",0.0345,1e-04,0.0107,0.6036,0,0.0553,13.926,0,1.018,0.0078,0,0,0.0835,0,0,0.0089,0.0108,9e-04,0,0,0.0015,0,0,0,0,0,0,0,0,0,0.0324,0,0,0,0,0,0,0,0,0,0,0,0,0,0,0,0,0,0,0,0,0,0,0,0,0,0,0
"48","Nor_TC_III_sum_37",0.1041,0,0.0083,0.008,0,0.1304,12.1054,0,1.0263,0.0075,0.0661,0,0.0641,0,0,0.0045,0.0079,0.0051,0.0441,0,0.0167,0,0,0,0,0,0,0,0,0,0,0,0,0,0,0.0183,0,0,0,0,0,0,0,0,0,0,0,0,0,0,0,0,0,0,0,0,0,0
"49","Nor_TC_IV_spr_120",0.016,0.0164,0.0113,0.0062,0.0047,0.1095,12.8682,0,0,0.0548,0.0181,0.0042,0.1284,0,0,6e-04,0,0,0,0,0,1e-04,0.00053,0,0,0,0,0,1e-04,0,0,0,0,0,0,0,0,7e-04,0.0034,0,0,0,0,0,0,0,0,0,0,0,0,0,0,0,0,0,0,0
"50","Nor_TC_IV_spr_119",0.0163,0.0209,0.0132,0.025,0.0035,0.0677,3.1848,0,0.6039,0.1101,0.03,0,0.2338,0,0,3e-04,0,0,0,0,0,0.0218,0,0,0,0,0,0,2e-04,0,0,0,0,0,0,0,0.3142,0,0.0056,0,0,0,0,0,0,0,0,0,0,0,0,0,0,0,0,0,0,0
"51","Nor_TC_IV_spr_118",0.0417,0.0132,0.0038,0.005,0.0068,0.0896,3.0022,0,0.2424,0.0856,0.0058,0,0.0196,0,0,3e-04,0,0,0,0,0,0,0,0,0,0,0,0.001,0.0012,0,0,0,0,0,0,0,0,0,0.0038,0,0,0,0,0,0,0,0,0,0,0,0,0,0,0,0,0,0,0
"52","Nor_TC_IV_sum_34",0.0051,0.0046,4e-04,0.0118,5e-04,0,2.8748,0,0,0.0036,0.0028,0,0.0355,0,0,0.0012,6e-04,0,0,0,0,0,0,0,0,0,0,0,0,0,0,0,0,0,0,0,0,0,0,0.2466,0,0,0,0,0,0,0,0,0,0,0,0,0,0,0,0,0,0
"53","Nor_TC_IV_sum_33",0.0295,0.0025,0.0035,0.0225,4e-04,0.0066,7.9065,0,0.0501,0.0611,9e-04,0,0.0513,0,0,0.0018,0.0206,6e-04,0,0,0,0,0,0,0,0,0,0.0033,0,0,0,0,0,0,0,0,0,0,0,0,0,0,0,0,0,0,0,0,0,0,0,0,0,0,0,0,0,0
"54","Nor_TC_IV_sum_32",0.0341,0.0034,0.0067,0.0384,5e-04,0,8.9379,0,0.1298,0.021,0.0663,0,0.0243,0,0,0,0,0.0065,0,0,0,0,0,0,0,0,0,0.0038,0,0,0,0,0,0,0,0,0,0,0,0,0,0,0,0,0,0,0,0,0,0,0,0,0,0,0,0,0,0
"55","Sp_TA_II_spr_116",0.0046,0.0089,3e-04,0,0,0.1239,0.5852,0.0024,0,0.0837,0.0123,0,0.056,0,0,0,0,0.0097,0,0,0,0,0,0,0,0,0,0,0,0,0,0,0,0,0,0,0,0,0,0,0,0,0,0,0,0,0,0,0,0,0,0,0,0,0,0,0,0
"56","Sp_TA_II_spr_117",0.004,0.004,0.0012,0.0041,0,0.06,14.798,5e-04,0,0.0647,0.009,0,0.1161,0.006,0.0475,0,0,0,0,0,0,0,0,0,0,0,0,0.0025,0,0,0,0,0,0,0,0,0,0,0,0,2e-04,0,0,0,0,0,0,0,0,0,0,0,0,0,0,0,0,0
"57","Sp_TA_II_spr_115",1e-04,0.0026,2e-04,0,0.001,0,6.275,0,0,0.0821,0.0071,0,0.2561,0,0,0,0.0034,0,0,0,0,0,1.333,0,0,0,0,0,0,0,0,0,0,0,0,0,0,0,0,0,0,0.6949,0,0,0,0,0,0,0,0,0,0,0,0,0,0,0,0
"58","Sp_TA_II_sum_28",0.013,0.0481,0.0032,0.0735,0,0,5.7406,0.0015,0,0,0.0039,0,0.3304,0,0,0,0.002,0,0,0.0015,0,0,0,0,0,0,0,0.0242,0,0,0,0,0,0,0,0,0,0,0,0,0,0,0,0,0,0,0,0,0,0,0,0,0,0,0,0,0,0
"59","Sp_TA_II_sum_30",0.0034,0.0414,2e-04,0.0418,0,0,9.2247,0.0156,0,0,0,0,0.3622,0,0.0097,0,0,0,0,0,0,0.0051,1.4316,0.0026,0,0,0,0,0,0,0,0,0,0,0,0,0,0,0,0,0,0,0,0,0,0,0,0,0,0,0,0,0,0,0,0,0,0
"60","Sp_TA_II_sum_29",9e-04,0.0164,0,0.0041,0,0,8.325,0.0334,0.0087,0,0,0,0.1597,0,0,0,0,7e-04,0,0,0,0,0,7e-04,0,0,0,0.0036,0,0,0,0,0,0,0,0,0,0,0,0,0,0,0,0,0,0,0,0,0,0,0,0,0,0,0,0,0,0
"61","Sp_TA_III_spr_114",0.0417,4e-04,1e-04,0,1e-04,0,6.1366,0.0198,0,0.1738,0,0,0.1698,0,0,0,0,0,0.0104,0,0,0,0,0.046,0,0,0,0,0.0011,0,0,0,0,0,0,0,0,0,0,0,0,0,0,0,0,0,0,0,0,0,0,0,0,0,0,0,0,0
"62","Sp_TA_III_spr_112",0.026,1e-04,3e-04,0.6461,8e-04,0.0893,4.9506,0,0.0122,0.1655,0.0115,0,0.0423,0,0,0,0,0,0,0,0,0,0,0,0,0,0,0,0,0,0,0,0,0,0,0,0,0,0,0,0,0,0,0,0,0,0,0,0,0,0,0,0,0,0,0,0,0
"63","Sp_TA_III_spr_113",0.1653,0,8e-04,0.0128,3e-04,0,2.3039,0,0,0.2227,0.0112,0,0.148,0,0,0,0.4223,0,0,0,0,0,0,0,0,0,0,0.0066,0,0,0,0,0,0,0,0,0,0,0,0,0,0,0,0,0,0,0,0,0,0,0,0,0,0,0,0,0,0
"64","Sp_TA_III_sum_27",0.0113,0.0019,0.002,0.4671,1e-04,0,15.3138,0.0017,0.0069,0.0304,0.02,0,0.3301,0,0,0,0,0,0,0,0,0,0,0,0,0,0,0.0045,0,0,0,0,0,0,0,0,0,0,0,0,0,0,4e-04,0,0,0,0,0,0,0,0,0,0,0,0,0,0,0
"65","Sp_TA_III_sum_25",0.0076,0,0.0134,9e-04,0,0.0509,13.2401,0.0084,0.1354,0,3e-04,0,0.3546,0,0,0,0,0,0,0,0,0,0,0,0,0,0,0,0,0,0,0,0,0,0,0,0,0,0,0,0,0,0,0,0,0,0,0,0,0,0,0,0,0,0,0,0,0
"66","Sp_TA_III_sum_26",0.1388,0.0034,0.0182,0.0492,0,0,8.282,0,0,0.0673,0.0246,0,0.4883,0,1e-04,0,0,0.0013,0,0,0.1154,0,0,0,0,0,0,0.0011,0,0,0,0,0,0,0,0,0,0,0,0,0,0,0,0,0,0,0,0,0,0,0,0,0,0,0,0,0,0
"67","Sp_TA_IV_spr_109",0.1374,0.0022,0.0094,0.5296,0.0199,0.2077,0,0,0,0.7277,0.0166,0,0,0,0,0,0.0134,0,0,0,0,0.0032,0.0025,0.0334,0.002,6e-04,0,0,0,0,0,0,5.8133,0,0,0,0,0,0,0,0,0,1e-04,0,5e-04,0.0158,0,0,0,0,0,0,0,0,0,0,0,0
"68","Sp_TA_IV_spr_110",0.1084,0.004,0.0022,0.0031,0.0159,0.3629,0,0,0.5631,0.4484,0.0252,0.0635,0,0,0,0,0,0,0,0,0,0.0155,0,0.0823,0.0032,0,0,0,0,0,0,0,0,0,0,0,0,0,0,0,0,0,0,0,6e-04,0.0238,0,0,0,0,0,0,0,0,0,0,0,0
"69","Sp_TA_IV_spr_111",0.0675,0,0.0012,0.5489,0.0022,0.0271,0,0,0,0.8204,0.0024,0,0,0,0,0,0.0749,0,0,0,0,0,0,0.0107,0,0.0024,0,0,0,0,0,0,0,0,0,0,0,0,0,0,0,0,7e-04,0.0017,6e-04,0.0063,0.0075,0,0,0,0,0,0,0,0,0,0,0
"70","Sp_TA_IV_sum_22",0.0033,0,0,0.0035,0,0,0,0,0.0283,0.101,0,0,0,0,0,0,0.0017,0,0,0,0.0318,0,0,0.002,0.1002,0,0,0,0,0,0,0,0,0,0,0,0,0,0,0,0,0,0.0703,0,0.0045,0,0.0092,0,0,0,0,0,0,0,0,0,0,0
"71","Sp_TA_IV_sum_24",0.001,0,0,0,0,0,0,0,0,0.0162,0,0,0,0,0,0,0,0,0,0,5e-04,0,0,0,0.0109,0,0,0,0,0,0,0,0,0,0,0,0,0,0,0,0,0,0.0349,0,6e-04,0,0.0111,0,0,0,0,0,0,0,0,0,0,0
"72","Sp_TA_IV_sum_23",0,0,0,0,0,0,0,0,0,0.0424,0,0,0,0,0,0,0,0,0,0,0,0,0,0,0.0633,0,0,0,0,0,0,0,0,0,0,0,0,0,0,0,0,0,0.0306,0,0.0042,0,0.0331,0,0,0,0,0,0,0,0,0,0,0
"73","Sp_TB_II_spr_104",0.0133,0.0015,4e-04,0.0169,0,0.109,11.316,0.0109,0,0.019,0,0,0.1531,0,0,0,0,0,0,1e-04,0,0,0,0,0,8e-04,0,0,0,0,0,0,0,0,0,0,0,0,0,0,0,0,0,0,0,0,0,0,0,0,0,0,0,0,0,0,0,0
"74","Sp_TB_II_spr_102",0,7e-04,2e-04,0,0,0,8.3653,0.0066,0.0071,0.0269,1e-04,0,0.0359,0,0,0,0,0,0,0,0,0,1.03141,0,0,0,0,0,0,0,0,0,0,0,0,0,0,0,0,0,3e-04,0,0,0,0,0,0,0,0,0,0,0,0,0,0,0,0,0
"75","Sp_TB_II_spr_103",0.0034,0,0,0,0,0.058,6.7599,0.0068,0,0,0,0,0.0482,0,0,0,0,0,0,0,0,0,0,0,0,0,0,0,0,0,0,0,0,0,0,0,0,0,0,0,0,0,0,0,0,0,0,8e-04,0,0,0,0,0,0,0,0,0,0
"76","Sp_TB_II_sum_21",0.0204,0.0072,0.0141,0.0464,0,0,15.8558,0.008,0.5985,0,0,0,0.3621,0,0,0,0,0,0,0,0,0.029,0,0.0045,0,0,0,0,0,0,0,0,0,0,0,0,0,0,0,0,0,0,0,0,0,0,0,0,0,0,0,0,0,0,0,0,0,0
"77","Sp_TB_II_sum_20",0.0421,0.0019,8e-04,0.0102,0,0.0936,9.228,0.0215,0.5508,0.0012,0.0063,0,0.4953,0.0021,0,0,0,0,0,0,0,0,0,0,0,0,0,0,0,0,0,0,0,0,0,0,0,0,0,0,0,0,0,0,0,0,0,0,0,0,0,0,0,0,0,0,0,0
"78","Sp_TB_II_sum_19",0.0308,0.0116,0.0182,0.0399,0,0.0566,8.7311,0,0.0074,0,0.0154,0,0.8035,0,0,0,0,0.0063,0,0,0,0,0,0,0,0,0,0,0,0,0,0,0,0,0,0,0,0,0,0,0,0,0,0,0,0,0,0,0,0,0,0,0,0,0,0,0,0
"79","Sp_TB_III_spr_100",0.0459,0,2e-04,0,0,0,5.6559,0,0.0197,0.0464,0.0011,0,0.063,0,0,0,0,0.0071,0,0,0,0,0,0,0,0,0,0.0044,0,0,0,0,0,0,0,0,0,0,0,0,1e-04,0,0,0,0,0,0,0,0,0,0,0,0,0,0,0,0,0
"80","Sp_TB_III_spr_99",0.013,0,0,0.9534,0,0,1.7344,0,0,0.0235,0,0,0.0139,0,0,0,0,0,0,0.0172,0,0,0,0,0,0,0,0,0,0,0,0,0,0,0,0,0,0,0,0,1e-04,0,0,0,0,0,0,0,0,0,0,0,0,0,0,0,0,0
"81","Sp_TB_III_spr_101",0.0704,0,0,0.701,0,0,10.4036,0,0,0.0255,0.0055,0,0.0484,0,0,0,0.0046,0.0074,0,0,0,0,0,0,0,0,0,0.0017,0,0,0,0,0,0,0,0,0,0,0,0,0,0,0,0,0,0,0,0,0,0,0,0,0,0,0,0,0,0
"82","Sp_TB_III_sum_16",0.44,0,0.0261,0.0023,0,0.0306,0.0032,0,0.0875,0.0012,0.0071,0,0.1085,0,0,0,0,0,0,0,0,0,0.0533,0,0,6e-04,0,0,0,0,0,0,0,0,0,0,0,0,0,0,0,0,0,0,0,0,0,0,0,0,0,0,0,0,0,0,0,0
"83","Sp_TB_III_sum_17",0.0792,0,0,0.0075,0,0.0325,0.0088,0,0.0166,0,0.0093,0,0.018,0.0205,0,0.0176,0,0.0032,0,0,0,0,0,0,0,1e-04,0,0,0,0,0,0,0,0,0,0,0,0,0,0,0,0,0,0,0,0,0,0,2e-04,0,0,0,0,0,0,0,0,0
"84","Sp_TB_III_sum_15",0.0345,0.00013,0.0207,0.2536,0,0.0223,1.0665,0.0097,0.0466,0.0139,0.0118,0,0.0949,0,0,0.0035,0,0,0,0.0131,0,0,0,0,0,0,0,0,0,0,0,0,0,0,0,0,0,0,0,0,0,0,0,0,0,0,0,0,0,0,0,0,0,0,0,0,0,0
"85","Sp_TB_IV_spr_96",0.0179,0,0,0.0041,0.0155,0.0735,0.7486,0,1.5183,0.2895,0.0622,0,0,0,0,0,0,0,0,0,0,0,0,0,0.0883,0.0012,0,0,0,0,0,0,0,0,0,0,0,0,0,0,0,0,0.0052,0,0.0204,0,0.0409,0,0,0,0,0,0,0,0,0,0,0
"86","Sp_TB_IV_spr_97",0.0405,0,0,0.0059,0.0814,0.0578,0,0,0.9152,0.1571,0.0738,0,0,0,0,0,0,0,0,0,0,0,0,0,0.0702,0.0134,0,0,0,0,0,0,0,0,0,0,0,0,0,0,0,0,0.0092,0,0.0192,0,0.0149,0,0,0,0,0,0,0,0,0,0,0
"87","Sp_TB_IV_spr_98",0.0186,0,5e-04,0.0025,0,0.0491,0,0,0.6294,0.1774,0.0611,0,0,0,0,0,0.0622,0,0,0,0,0,0,0,0.1112,0,0,0,0,0,0,0,0,0,0,0,0,0,0,0,0,0,0.01,0,0.0152,0,0.0176,0,0,0,0,0,0,0,0,0,0,0
"88","Sp_TB_IV_sum_11",0,0,0,0.003,0,0,0,0,0.3387,0.0332,0.0365,0,0,0,0,0,0.0587,0,0,0,0.0112,0,0,0,0.038,0,0,0,8e-04,0,0,0,0,0,0,0,0,0,0,0,0,0,0.0017,0,0.0041,0,0.0223,0,0,0,0,0,0,0,0,0,0,0
"89","Sp_TB_IV_sum_13",0,0,0,0.2317,0,0,0,0,0.2158,0.0116,0.0529,0,3e-04,0,0,0,0,0,0,0,0,0,0,0,0.0931,0,0,0,0,0,0,0,0,0,0,0,0,0,0,0,0,0,0.0013,0,0.0094,0,0.0058,0,0,0,0,0,0,0,0,0,0,0
"90","Sp_TB_IV_sum_12",1e-04,0,0,0.0146,0,0,0,0,0.6223,0.0501,0.0233,0,0,0,0,0,0.0098,0,0,0,0.0031,0,0,0,0.0739,0,0,0,0,0,0,0,0,0,0,0,0,0,0,0,0,0,5e-04,0,0.0137,0,3e-04,0,0,0,0,0,0,0,0,0,0,0
"91","Sp_TC_II_spr_92",0.0244,0.0027,7e-04,0.2965,0,0.0483,11.0891,0,0.7033,0,0.0053,0,0.0426,0,0,4e-04,0,0,0,0,0,0,1.7232,0,0,0,0,6e-04,0,0,0,0,0,0,0,0,0,0,0,0,0,0,0,0,0,0,0,0,0,0,0,0,0,0,0,0,0,0
"92","Sp_TC_II_spr_94",0.0303,0,2e-04,0,0,0.0098,19.5061,8e-04,0.344,0,0,0,0.0796,0,0,0,0,0.007,0,0,0,0,3.4668,0.0049,0,0,0,0,0,0,0,0,0,0,0,0,0,0,0,0,0,0,0,6e-04,0,0,0,0.0057,0,0.0052,9e-04,0,0,0,0,0,0,0
"93","Sp_TC_II_spr_93",0.0372,0.0022,0.001,0.3486,0.0108,0.0094,6.7119,0,0.6098,0,0.0022,0,0.0353,0,0,0,0,0,0,0.0014,0,0,1.0817,0,0,0,0,0,0,0,0,0,0,0,0,0,0,0,0,0,0,0,0,0,0,0,0,0,0,0,0,0,0,0,0,0,0,0
"94","Sp_TC_IV_spr_87",0,0,0.0053,0,0,0,0,0,1.2101,0.168,0.0173,0,0,0,0,0,0,0.001,0.0078,0,0,0,0,0,0.0114,0.0599,0,0,0,0,0,0,0,0,0,0,0,0,0,0,0,0,0.0175,0,2e-04,0,0,0,0,0,0,0,0,0,0,0,0,0
"95","Sp_TC_II_sum_10",0.0152,2e-04,0.0066,0.0512,0,0,13.7667,0,0.5708,0,0,0,0.1807,0.003,0,0.005,0,0,0,0,0.0051,0,0,0,0,0,0,0,0,0,0,0,0,0,0,0,0,0,0,0,0,0,0,0,0,0,0,0,0,0,0,0,0,0,0,0,0,0
"96","Sp_TC_II_sum_9",0.0227,6e-04,9e-04,0.0231,0,0,17.3,0,0.2186,0,0,0,0.1296,0.0095,0,0.0017,0,0,0,0,0,0,0,0,0,0,0,0,3e-04,0,0,0,0,0,0,0,0,0,0,0,0,0,0,0,0,0,0,0,0,0,0,0,0,0,0,0,0,0
"97","Sp_TC_II_sum_8",0.1051,0,0.0057,0.0881,0,0,4.1985,0.0026,0.5831,0,0,0,0.0046,0.0028,0,0,0,0,0,0,0,0.0531,0,0.0311,0,0,0,0,0,0,0,0,0,0,0,0,0,0,0,0,0,0,0,0,0,0,0,0,0,0,0,0,0,0,0,0,0,0
"98","Sp_TC_III_spr_91",0.1003,0,0.0088,4e-04,0.0015,0,0.0494,0,0.3133,0,0,0,0,0,0,0,0,0.0092,0,0,0,0,0,0,0,0,0,0,0,0,0,0,0,0,0,0,0,0,0,0,0,0,4e-04,0,0,0,0,0,0,0,0,0,0,0,0,0,0,0
"99","Sp_TC_III_spr_89",0.1374,0,2e-04,0.0482,0,3e-04,0.4993,0,0.045,0,0.0085,0,0.072,0,0,0,0,0,0,0,0,0,0,0,0,0,0,0,0,0,0,0,0,0,0,0,0,0,0,0,0,0,0,0,0,0,0,0,0,0,0,0,0,0,0,0,0,0
"100","Sp_TC_III_spr_90",0.073,0,0.0071,0.1333,0,0.005,2.1662,0.0051,0.6083,0,0,0,0.0542,0,0,0.001,0,0.0132,0,0.0033,0,0,0.0634,0.0125,0,0,0,0,0,0,0,0,0,0,0,0,0,0,0,0,0,0,1e-04,0,0,0,0,0.001,0,0,0,0,0,0,0,0,0,0
"101","Sp_TC_III_sum_7",0.0836,0,0.0031,0.032,0,0,6.0553,0,0,0,0,0,0.0169,0,0,0,0,0.0116,0,0.0019,0.1493,0.0234,0,0.0443,0,0,0,0,0,0,0,0,0,0,0,0,0,0,0,0,0,0,0,0,0,0,0,0,0,0,0,0,0,0,0,0,0,0
"102","Sp_TC_III_sum_6",0.082,1e-04,0.022,0.1333,0,0,0.0726,0,0,0,0.0516,0,0.0228,0.0087,0,0,0,0,0,0.0016,0,0.078,0,0,0,0,0,0,1e-04,0,0,0,0,0,0,0,0,0,0,0,0,0,0,0,0,0,0,0,0,0,0,0,0,0,0,0,0,0
"103","Sp_TC_III_sum_4",0.0768,0,0.0171,0.078,1e-04,0,1.8923,0,0,0,0.1052,0,0.0159,0,0,0.0011,0,0,0,0,0,0,0,0,0,0,0,1e-04,0,0,0,0,0,0,0,0,0,0,0,0,0,0,0,0,0,0,0,0,0,0,0,0,0,0,0,0,0,0
"104","Sp_TC_IV_spr_88",5e-04,0,0,0.0024,0,0,0,0,1.0575,0.2638,0,0,0,0,0,0,0,0,0,0,0,0,0,0.0253,0.1135,0,0,0,0,0,0,0,0,0,0,0,0,0,0,0,0,0,0.0265,0,8e-04,0,0,0,0,0,0.015,0.006,0,0,0,0,0,0
"105","Sp_TC_IV_spr_86",0.0025,0,0,1e-04,0.0029,0,0,0,0.2519,0.0419,0.0064,0,0,0,0,0,0.0549,0,0,0,0,0,0,0.0014,0.0308,0,0,0,0,0,0,0,0,0,0,0,0,0,0,0,0,0,0.0073,0,0.0017,0,0.01,0,0,0,0,0,0,0,0,0,0,0
"106","Sp_TC_IV_sum_2",7e-04,0,0.0024,2e-04,0.0265,0,0,0,1.0228,0.0665,0.0261,0,0,0,0,0,0.0431,0,0,0,0.0133,0,0,0,0.0226,0,0,0,0,0,0,0,0,0,0,0,0,0,0,0,0,0,0.0048,0,7e-04,0,0.0265,0,0,0,0,0,0,0,0,0,0,0
"107","Sp_TC_IV_sum_1",9e-04,0,0.002,0.0055,0,0,0,0,0.6697,0.0487,0.0346,0,0,0,0,0,0.1315,0,0,0,0.0151,0,0,0,0.0959,0,0,0,0,0,0,0,0,0,0,0,0,0,0,0,0,0,0.0098,0,9e-04,0,0.009,0,0,0,0,0,0,0,0,0,0,0
"108","Sp_TC_IV_sum_3",0.0023,0,0.0031,0.035,0,0,0,0,0,0.2202,0.0626,0,0,0,0,0,0,0,0,0,0.0209,0,0,0,0.0999,0,0,0,0,0,0,0,0,0,0,0,0,0,0,0,0,0,0.0082,0,0.001,0,0.0056,0,0,0,0,0,0,0,0,0,0,0
"109","Wang_TA_II_spr_176",0.0042,0,0.0021,0.0646,0,0,52.3633,0,0,0.2258,0,0,0.0343,0,0.0075,0,0.0274,0,0,0,0,0.0192,0,0.0091,0,0,0,0,7e-04,0,0,0,0,0,0,0,0,0,0,0,0,0,0,0,0,0,0,0,0,0,0,0,4e-04,0,0,0,0,0
"110","Wang_TA_II_spr_177",8e-04,0,0.0027,0.0243,0,0,38.6155,0,0.2701,0.3774,0.0039,0,0.0171,0,0,0,0,0.004,0,0,0,0,0,0.0052,0,0,0,0.0113,6e-04,0,0,0,0,0,0,0,0,0,0,0,0,0,0,0,0,0,0,0,0,0,0,0,0,0,0,0,0,0
"111","Wang_TA_II_spr_178",0,0,0.0012,0.0042,0,0,12.3517,0,0.6186,0.2332,0,0,0.0047,0,0,0,0,0,0,0,0,0.0239,0,0,0,0,0,0,0,0,0,0,0,0,0,0,0,0,0,0,4e-04,0,0,0,0,0,0,0,0,0,0,0,0,0,0,0,0,0
"112","Wang_TA_II_sum_85",0.0179,0,0.0109,0.3969,0,0,8.1241,9e-04,0.1464,0.0039,0.0017,0,0.0274,0,0,0,0.0691,0.0069,6e-04,0,0.0339,0.0672,0,0,0,0,0,0,0,0,0,0,0,0,0,0,0,0,0,0,0,0,0,0,0,0,0,0,0,0,0,0,0,0,0,0,0,0
"113","Wang_TA_II_sum_83",2e-04,0,1e-04,0.0977,0,0,0.9635,0,0.804,0.0665,0,0,0.0928,0,0,0,0.0497,0.006,0,0,0,0,0.1887,0,0,0,0,0.009,0,0,0,0,0,0,0,0,0,0,0,0,0,0,0,6e-04,0,0,0,0,0,0,0,0,0,0,0,0,0,0
"114","Wang_TA_II_sum_84",0.0134,0,0.0118,0.3328,0,0,13.848,0,0.2786,0.1192,0,0,0.033,0,0,0,0.1122,0.0244,0,0,0,0,0,0,0,0,0,0.0356,0,0,0,0,0,0,0,0,0,0,0,0,0,0,0,0.0076,0,0,0,0,0,0,0,0,0,0,0,0,0,0
"115","Wang_TA_III_spr_174",0.0042,0,1e-04,1e-04,0,0.0039,0,0,0,0.005,0,0,8e-04,0,0,0,0,0,0,0,0,0,0,0.0188,0,0,0,0,0,0,0,0,0,0,0,0,0,0,0,0,4e-04,0,0,0,0,0,0,0,0,0,0,0,0,0,0,0,0,0
"116","Wang_TA_III_spr_175",0.0095,0,2e-04,0.9052,0,0,2.5287,0,0,0.0372,0,0,0.0505,0,0,0,0,0,0,0.0015,0,0,0,0.0238,0,0,0,0,0,0,0,0,0,0,0,0,0,0,0,0,0,0,0,0,0,0,0,0,0,0,0,0,0,0,0,0,0,0
"117","Wang_TA_III_spr_173",0.002,0,0,2e-04,0,0.003,0,0,0.3822,0.0252,0,0,5e-04,0,0,0,0,0,0,0,0,0.0056,0,0,0,0,0,0,0.0013,0,0,0,0,0,0,0,0,0,0,0,0,0,0,0,0,0,0,0,0,0,0,0,0,0,0,0,0,0
"118","Wang_TA_III_sum_80",0.0032,0,0.0015,0,0,0,8.4836,0,0,1e-04,0,0,0.0168,0,0,0,0.1138,0,0,0,0,0,0,0,0,0,0,0,0,0,0,0,0,0,0,0.0018,0,0,0,0,0,0,6e-04,0,0,0,0,0,0,0,0,0,0,0.0042,0,0,0,0
"119","Wang_TA_III_sum_82",0.0048,0,0.0038,0,0,0,0.0495,0,0.1149,0,0,0,0.0427,0.013,0,0,0.0017,0,0,0,0,0,0,0,0,0,0,0,0,0,0,0,0,0,0,0,0,0,0,0,0,0,0,0,0,0,0,0,0,0,0,0,0,0,0,0,0,0
"120","Wang_TA_III_sum_81",0.0079,0,1e-04,0,0,0,3.6654,0.0023,0.6221,0,0,0,0.096,0,0,0,0.018,0,0,0,0,0,0,0,0,0,0,0,0,0,0,0,0,0,0,0,0,0,0,0,0,0,0,0,0,0,0,0,0,0,0,0,0,0.0037,0,0,0,0
"121","Wang_TA_IV_spr_170",0.0118,6e-04,0.011,5e-04,0.009,0,0,0.0046,0,0.0557,0,0,0.0085,0,0,0,0,0.0025,0,0,0,0,0,0,0,0,0,0.0106,5e-04,0,0,0,0,0,0,0,0,0,0,0,0,0,0,0,0,0,0,0,0,0,0,0,0,0,0.1137,0,0,0
"122","Wang_TA_IV_spr_171",2e-04,6e-04,0.0048,0.1632,0.0327,0.0406,2.8168,0,0,0.1367,0.0364,0.3199,0.1106,0,0,0,0.0362,0.0071,0,0,0,0,0,0,0,0,0,0.0052,8e-04,0,0,0,3.2972,0,0,0,0,0,0,0,0,0,0,0,0,0,0,0,0,0,0,0,0,0,0,0,0,0
"123","Wang_TA_IV_spr_172",0.0853,6e-04,0.002,0.1141,0.0159,0,1.0337,0,0.6018,0.1108,0,0,0,0,0,0,0,0,0,0,0,0,0,0,0,0,0,0.0497,3e-04,0,0,0,0,0,0,0,0,0,0,0,0,0,0,0.0119,0,0,0,0,0,0,0,0,0,0,0,0,0,0
"124","Wang_TA_IV_sum_78",0,0,0,4e-04,0,0,0,0,0,0.0154,0,0,0,0,0,0,0,0.007,0,0,0,0,0,0,0.0059,0,0,0,0.0012,0,0,0,0,0,0,0,0,0,0,0,0,0,0.0304,0,0,0,0.0012,0,0,0,0,0,0,0,0,0,0,0
"125","Wang_TA_IV_sum_79",0,0,0,1e-04,0,0,0,0,0,9e-04,0,0,0,0,0,0,0.4242,0,0,0,0,0,0,0,0.004,0,0,0,0.0013,0,0,0,0,0,0,0,0,0,0,0,0,0,0.013,0,0,0,0.002,0,0,0,0,0,0,0,0,0,0,0
"126","Wang_TA_IV_sum_77",0,0,0,0,0,0,0,0,0,0.0139,0,0,0,0,0,0,0.3872,0.003,0,0,0,0,0,0,0.0253,0,0,0,0.0056,0,0,0,0,0,0,0,0,0,0,0,0,0,0.0278,0,0,0,0.0039,0,0,0,0,0,0,0,0,0,0,0
"127","Wang_TB_II_spr_166",0.0022,0,5e-04,0,0,0,1.6573,0.0198,0,0,0.0024,0,0.162,0,0,0,0.1799,1e-04,3e-04,0.0081,0,0,0,0,0,0,0,0,0.0014,0,0,0,0,0,0,0,0,0,0,0,0,0,0,0,0,0,0,0,0,0,0,0,0,0,0,0,0,0
"128","Wang_TB_II_spr_164",0.002,0,3e-04,6e-04,0,0,0,0,0,0,0.0021,0,0.0424,0,0,0,0.0158,0,0,0,0,0,0,0,0,0,0,0.0127,0.001,0,0,0,0,0,0,0,0,0,0,0,0,0,0,0,0,0,0,0,0,0,0,0,0,0,0,1e-04,0,0
"129","Wang_TB_II_spr_165",0,0,3e-04,1e-04,0,0.0047,2.196,0,0,0,0,0,0.0797,0,0,0,0.0125,0,0,0,0,0,0,0,0,0,0,0,0.0016,0,0,0,0,0,0,0,0,0,0,0,0,0,0,0,0,0,0,0,0,0,0,0,0,0,0,0,0,0
"130","Wang_TB_II_sum_74",0.0228,0,0.0161,0.6109,0,0.0768,6.1206,0,0.1877,0,0,0,0.0111,0,0,0,0,0.0018,0,0,0,0,0,0,0,0,0,0.0184,0,0,0,0,0,0,0,0,0,0,0,0,0,0,0,0,0,0,0,0,0,0,0,0,0,0,0,0,0,0
"131","Wang_TB_II_sum_75",0.0358,1e-04,0.002,0.0482,0,0.0175,10.0479,0,0.3009,0,0,0,0.0094,0,0,0,0,0.003,0,0,0.0331,0.012,0,0,0,0,0,0,0,0,0,0,0,0,0,0,0,0,0,0,0,0,0,0,0,0,0,0,0,0,0,0,0,0,0,0,0,0
"132","Wang_TB_II_sum_76",0.0304,0,0.0022,0.7513,0,0.1723,24.0209,0,0.2452,0,0,0,0.0151,0,0,0,0,0.0018,0,0,0,0,0,0,0,0,0,0.0172,0,0,0,0,0,0,0,0,0,0,0,0,0,0,0,0,0,0,0,0,0,0,0,0,0,0,0,0,0,0
"133","Wang_TB_III_spr_162",0.033,0,0.0017,0.0028,0.0041,0,1.9341,0.0141,0,0.0084,0.0237,0,0.0017,0,0,0,0,0,0,0,0,0,0,0,0,0,0,0.0162,3e-04,0,0,0,0,0,0,0,0,0,0,0,0,0,0,0,0,0,0,0,0,0,0,0,0,0,0,0,0,0
"134","Wang_TB_III_spr_163",0.0327,0,0.0032,1e-04,0,0.079,0,0.003,0,0,0.0476,0,0.0154,0,0,0,0,0,0,0,0,0,0,0,0,0,0,0.0502,2e-04,0,0,0,0,0,0,0,0,0,0,0,0,0,0,0,0,0,0,0,0,0,0,0,0,0,0,1e-04,0,0
"135","Wang_TB_III_spr_161",0.0489,0,0.0054,0.4018,0,0,0,0.0088,0.1443,0.0061,0.0256,0,0,0,0,0,0,0,0,0,0,0,0,0,0,0,0,0,0,0,0,0,0,0,0,0,0,0,0,0,0,0,0,0,0,0,0,0,0,0,0,0,0,0,0,1e-04,0,0
"136","Wang_TB_III_sum_72",0.1848,0,0.0066,0.0238,0,0,8.0042,0,0.046,0,0,0,0.0324,0,0,0,0,0,0,0,0,0,0,0,0,0,0,0,0,0,0,0,0,0,0,0,0,0,0,0,0,0,0,0,0,0,0,0,0,0,0,0,0,0,0,0,0,0
"137","Wang_TB_III_sum_73",0.1386,0,0.0035,0.0602,0,0,5.4995,0,0,0.0209,0,0,0.0169,0,0,0,0,1e-04,0,0,0,0.0159,0,0,0,0,0,0,0,0,0,0,0,0,0,0,0,0,0,0,0,0,0,0,0,0,0,0,0,0,0,0,0,0,0,0,0,0
"138","Wang_TB_III_sum_71",0.048,0,0.0011,0.0137,0,1e-04,8.2689,0,1e-04,0,0,0,0.0187,0,0,0,0,0,0,0,0,0,0,0,0,0,0,0,0,0,0,0,0,0,0,0,0,0,0,0,0,0,0,0,0,0,0,0,0,0,0,0,0,0,0,0,0,0
"139","Wang_TB_IV_spr_160",0.0539,0,0.001,5e-04,0.00021,0,0.1663,0,0,0.0294,0,0,3e-04,0,0,0,0,0,0,0,0,0,0,0,0,0,0,0.0088,8e-04,0,0,0,0,0,0,0,0,0,0,0,0,0,0,0,0,0,0,0,0,0,0,0,0,0,0,1e-04,0,0
"140","Wang_TB_IV_spr_158",0.093,0,8e-04,1e-04,0.0047,0,2.0306,0,0,0.0239,0,0,0.0713,0,0,0,0,0.0079,0,0,0,0,0,0,1e-04,0,0,0.002,0.0011,0,0,0,0,0,0,0,0,0,0,0,0,0,0,0,0,0,0,0,0,0,0,0,0,0,0,0,0,0
"141","Wang_TB_IV_spr_159",0.0037,0,0.0013,0,0.0043,0.0071,3.5326,0,0,0.0226,0,0,0.0502,0,0,0,0,0.0105,0,0,0,0,0,0,0,0,0,0.0069,0.0034,0,0,0,0,0,0,0,0,0,0,0,0,0,0,0,0,0,0,0,0,0,0,0,0,0,0,0,0,0
"142","Wang_TB_IV_sum_68",0.0015,0,3e-04,0.017,0,0,3e-04,0,0,0.0214,0.0063,0,3e-04,0,0,0,0,0.0023,0,0,0,0,0,0,0,0,0,0,0,0,0,0,0,0,0,0,0,0,0,0,0,0,0,0,0,0,9e-04,0,0,0,0,0,0,0,0,0,3e-04,0
"143","Wang_TB_IV_sum_69",0.0033,0,0.0038,0,0,0,0,0,0,0.1873,0.0235,0,0,0,0,0,0,0.0179,0.0165,0,0,0,0,0,0,0,0,0,0,0,0,0,0,0,0,0,0,0,0,0,6e-04,0,0,0,0,0,0.0087,0,0,0,0,0,0,0,0,0,0,0
"144","Wang_TB_IV_sum_70",0.0153,0,0.0039,0.0135,0,0.1232,0,0,0,0.2782,0.0246,0,0.0036,0,0,0,0,0,0,0,0.0077,0,0,0,0,0,0,0,0,0,0,0,0,0,0,0,0,0,0,0,0,0,0,0,0,0,0,0,0,0,0,0,0,0,0,0,0,0
"145","Wang_TC_II_spr_156",0.0042,0,4e-04,4e-04,0,0,1.7808,0.0118,0,0,0,0,0.2098,0,0,0,0,0,0,0,0,0.0089,0,0,0,0,0,0,0,0,0,0,0,0,0,0,0,0,0,0,0,0,0,0,0,0,0,0,0,1e-04,0,0,0,0,0,0,0,0
"146","Wang_TC_II_spr_157",0.0104,0,8e-04,8e-04,0,0.0428,0,0,0,0,0,0,0.1951,0,0,0,0,1e-04,0,0,0,0,0,0,0,0,0,0,0,0,0,0,0,0,0,0,0,0,0,0,0,0,0,0,0,0,0,0,0,0,0,0,0,0,0,0,0,0
"147","Wang_TC_II_spr_155",8e-04,1e-04,8e-04,1e-04,0,0.0516,7.9625,0,0,0,0,0,0.1811,4e-04,0.0104,0,0,0,0,0,0,0,0,0,0,0,0,0,0,0,0,0,0,0,0,0,0,0,0,0,0,0,0,0,0,0,0,0,0,0,0,0,0,0,0,1e-04,0,0
"148","Wang_TC_II_sum_65",0,3e-04,0.0042,0,0,0,0,0.0078,0.0015,1e-04,0.009,0,0.0622,0,0,0,0,0.0041,1e-04,0,0.0026,0.0113,0,0,0,0,0,0,0,0,0,0,0,0,0,0,0,0,0,0,0,0,0,0,0,0,0,0,0,0,0,0,0,0,0,0,0,0
"149","Wang_TC_II_sum_66",0.0075,5e-04,0.0061,0.0015,0,0,8.2902,0.0046,0,0,0,0,0.0491,0,0,0,0,0.0062,0,0.0038,0,0.0577,0,0,0,0,0,0,0,0,0,0,0,0,0,0,0,0,0,0,0,0,0,0,0,0,0,0,0,0,0,0,0,0,0,0,0,0.001
"150","Wang_TC_II_sum_67",0.0044,2e-04,2e-04,0,0,0,5.6075,0.0161,0.025,0,4e-04,0,0.1497,0,0,0,0,0,2e-04,0,0,0.226,0,0,0,0,0,0,0,0,0,0,0,0,0,0,0,0,0,0,0,0,0,0,0,0,0,0,0,0,0,0,0,0,0,0,0,0
"151","Wang_TC_III_spr_153",0.0207,0,2e-04,0,0,0.0277,0,0.0049,0,0.359,0,0,0.033,0,0,0,0,0,0,0,0,0,0,0,0,0,0,0,0,0,0,0,0,0,0,0,0,0,0,0,3e-04,0,0,0,0,0,0,0,0,0,0,0,0,0,0,7e-04,0,0
"152","Wang_TC_III_spr_154",0.0085,0,2e-04,0.1974,0,0.0104,0,0,0,0.223,0,0,4e-04,0,0,0,0,0,0,0,0,0,0,0,0,0,0,0,0,0,0,0,0,0,0,0,0,0,0,0,0,0,0,0,0,0,0,0,0,0,0,0,0,0,0,0,0,0
"153","Wang_TC_III_spr_152",0.0061,0,0,0,0,0.0751,0,0,0,0.0186,0,0,0.0169,0,0,0,0,0,0,0,0,0,0,0,0,0,0,0,0,0,0,0,0,0,0,0,0,0,0,0,0,0,0,0,0,0,0,0,0,0,0,0,0,0,0,1e-04,0,0
"154","Wang_TC_III_sum_64",0.1601,1e-04,0.001,0.6945,0,0,0.0223,0,0,0.5218,0,0,0.0044,0,0,0,0,1e-04,0,0,0,0,0,0,0,1e-04,0,0,0,0,0,0,0,0,0,0,0,0,0,0,0,0,0,0,0,0,0,0,0,0,0,0,0,0,0,0,0,0
"155","Wang_TC_III_sum_62",0.2155,0,0.0081,0.0102,0,0,0.1436,0,0,0.5563,0,0,0.0247,0,0,0,0,0.004,0,0,0,0,0,0,0,0,0,0,0,0,0,0,0,0,0,0,0,0,0,0,0,0,0,0,0,0,0,0,0,0,0,0,0,0,0,0,0,0
"156","Wang_TC_III_sum_63",0.2708,0,0.0078,0.0163,0,0,0.1658,0,0,0.3445,0,0,0.0784,0,0.002,0,0,0.0028,0,0,0.0317,0,0,0,0,1e-04,0,0,0,0,0,0,0,0,0,0,0,0,0,0,0,0,0,0,0,0,0,0,0,0,0,0,0,0,0,0,0,0
"157","Wang_TC_IV_spr_149",0.1791,0,0.0105,4e-04,0.0014,0,0,0,0,0.1304,0,0,0,0,0,0,0,0,0,0,0,0,0.1361,0,0.0013,0,0,0,0,0,0,0,0,0,0,0,0,0,0,0,0,0,0,0,0,0,0,0,0,0,0,0,0,0,0,1e-04,0,0
"158","Wang_TC_IV_spr_150",0.1355,0,0.0063,2e-04,0.0059,0,0,0,0,0.0181,0,0,2e-04,0,0,0,0,0,0,0.0024,0,0,3.72,0,0.0044,0.0012,0,1e-04,0,0,0,0,0,0,0,0,0,0,0,0,0,0,0,0,0,0,0,0,0,0,0,0,0,0,0,3e-04,0,0
"159","Wang_TC_IV_spr_151",0.1633,0,0.0017,3e-04,0.0051,0,0,0,0,0.1303,0,0,1e-04,0,0,0,0,0.0083,0,0.0017,0,0,0,0,0.0015,0,0,0.0029,0,0,0,0,0,0,0,0,0,0,0,0,0,0,0,0,0,0,0.0113,0,0,0,0,0,0,0,0,0,0,0
"160","Wang_TC_IV_sum_61",0.0378,0,0.0034,0,0,0,5.5293,0,0,0.0945,0,0,0.0143,0,0,0,0,0.0022,0,0,0,0,0.0312,0,0,0.0032,0,0,0,0,0,0,0,0,0,0,0,0,0,0,0,0,0,0,0,0,0,0,0,0,0,0,0,0,0,0,0,0
"161","Wang_TC_IV_sum_59",0.0765,0,0.0028,0.3829,0,0,2.803,0,0,0.1112,0,0,0.0175,0,0,0,0,0,0,0,0,0,0,0,0,0,0,0,0,0,0,0,0,0,0,0,0,0,0,0,0,0,0,0,0,0,0,0,0,0,0,0,0,0,0,0,0,0
"162","Wang_TC_IV_sum_60",0.0405,0,0.0069,0.0309,0,0,3.3861,0,0,0.0431,0,0,0.0031,0,0,0,0,0,0,0,0,0,0,0,0,0.0011,0,0.0019,0,0,0,0,0,0,0,0,0,0,0,0,0,0,0,0,0,0,0,0,0,0,0,0,0,0,0,0,0,0
